1014.32,-6,-3,4
1014.36,-10,-28,-8
1014.36,-16,-21,-19
1014.36,6,-27,-2
1014.36,-1,-31,-21
1014.36,5,-34,-5
1014.36,11,-35,-3
1014.36,16,-28,0
1014.36,18,9,-3
1014.36,-2,19,4
1014.36,1,22,6
1014.36,1,22,-11
1014.36,-1,52,7
1014.36,-5,29,2
1014.36,-6,11,-6
1014.36,-11,19,8
1014.36,-15,7,-23
1014.36,-3,-16,-13
1014.36,-6,-21,-2
1014.36,-14,-13,9
1014.36,-1,-12,1
1014.36,-18,-27,6
1014.36,-8,-16,6
1014.36,-5,22,-5
1014.36,3,15,2
1014.36,12,10,-12
1014.36,1,3,-5
1014.36,-5,8,-7
1014.36,-7,8,6
1014.36,-19,9,10
1014.36,-20,8,22
1014.36,-23,10,9
1014.36,8,-5,13
1014.36,15,10,1
1014.36,10,7,-4
1014.36,9,-8,-13
1014.36,17,-10,-21
1014.36,8,-24,-20
1014.36,4,-20,-9
1014.36,-9,-21,-8
1014.36,-3,-8,7
1014.36,6,-5,20
1014.36,13,-12,12
1014.36,19,9,1
1014.36,9,17,0
1014.36,15,7,4
1014.36,14,3,0
1014.36,3,25,10
1014.36,5,-7,-1
1014.36,3,-12,4
1014.36,-37,-1,12
1014.36,-30,-2,14
1014.36,-19,15,3
1014.36,-26,3,4
1014.36,-24,15,-11
1014.36,-16,8,-12
1014.36,-6,12,2
1014.36,4,1,4
1014.36,-6,10,-14
1014.36,-2,-6,-10
1014.36,10,-10,-15
1014.36,-2,-12,3
1014.36,-2,-6,19
1014.36,2,-10,17
1014.36,13,-2,31
1014.36,8,-3,37
1014.36,8,-7,41
1014.36,18,5,21
1014.36,10,17,8
1014.36,19,4,3
1014.36,-3,15,-10
1014.36,-11,13,-2
1014.36,-11,-19,-21
1014.36,-18,0,-22
1014.36,-19,-9,-16
1014.36,-29,-12,-28
1014.36,-12,-19,-24
1014.36,-8,5,-21
1014.36,-11,12,-23
1014.36,-21,21,9
1014.36,6,8,6
1014.36,23,6,23
1014.36,-5,1,19
1014.36,9,-2,2
1014.34,-14,1,20
1014.34,-14,-14,2
1014.34,-6,-16,26
1014.34,0,-6,3
1014.34,21,-14,21
1014.34,4,-14,-2
1014.34,7,-7,-6
1014.36,21,-8,-12
1014.36,29,-4,6
1014.36,15,0,-19
1014.36,8,6,-4
1014.36,-1,13,1
1014.36,7,10,1
1014.36,6,24,8
1014.34,-14,21,7
1014.34,-38,9,10
1014.34,-46,29,0
1014.34,-45,19,-10
1014.34,-31,14,6
1014.34,-29,11,-11
1014.34,-5,3,-4
1014.34,3,-11,-17
1014.34,1,-4,-10
1014.34,5,0,-16
1014.34,9,-11,0
1014.34,6,-5,-7
1014.34,16,-13,-3
1014.34,2,-13,2
1014.34,21,-2,0
1014.34,6,-2,11
1014.34,6,-9,8
1014.34,2,-7,8
1014.34,-4,3,11
1014.34,8,3,3
1014.34,10,13,20
1014.34,-1,-9,-10
1014.34,9,7,12
1014.34,5,2,8
1014.34,-1,6,3
1014.34,-2,-4,6
1014.36,5,10,0
1014.36,-8,-1,1
1014.36,-19,-2,6
1014.36,-16,8,1
1014.36,-5,16,-12
1014.36,-16,-2,2
1014.36,-8,13,2
1014.36,11,15,-6
1014.36,1,3,-1
1014.36,6,11,-6
1014.36,7,3,4
1014.36,-9,9,4
1014.36,-5,-7,-6
1014.34,-10,4,-3
1014.34,1,-7,-10
1014.34,-5,-9,1
1014.34,6,-9,8
1014.34,-1,-9,-13
1014.34,1,-15,-4
1014.34,8,-5,-5
1014.34,-6,-3,8
1014.34,7,9,-22
1014.34,5,4,-4
1014.34,-10,4,3
1014.34,2,2,-2
1014.34,5,9,0
1014.34,-11,9,4
1014.34,-7,12,3
1014.34,2,3,-8
1014.34,-17,-2,12
1014.34,-4,8,0
1014.34,-9,9,10
1014.34,-22,1,-17
1014.34,-12,16,-2
1014.34,4,8,-8
1014.34,-16,6,1
1014.34,-5,-4,-15
1014.34,4,-7,-1
1014.34,1,2,-6
1014.34,6,-13,3
1014.34,-3,-18,11
1014.34,4,-7,-7
1014.34,16,-10,-5
1014.34,0,-21,-2
1014.34,2,-32,8
1014.34,-2,-20,0
1014.34,3,8,-4
1014.34,-6,-2,1
1014.34,4,14,8
1014.34,10,4,3
1014.34,12,12,14
1014.34,-12,-3,11
1014.34,-10,28,-7
1014.34,-6,19,-4
1014.34,-3,2,-14
1014.34,-14,0,-3
1014.34,-10,1,-11
1014.34,-6,-10,4
1014.34,4,0,0
1014.34,12,1,14
1014.34,-5,0,0
1014.34,-11,3,7
1014.34,-10,6,-3
1014.34,-9,6,3
1014.34,5,-1,-3
1014.34,1,4,4
1014.34,8,-3,-4
1014.34,-5,2,7
1014.34,-1,6,-4
1014.34,-6,0,7
1014.34,-6,3,-8
1014.34,29,8,15
1014.34,8,-6,-17
1014.34,6,-16,8
1014.34,-13,-14,10
1014.34,10,1,16
1014.34,1,-18,-3
1014.34,3,-5,-8
1014.34,12,-17,19
1014.34,-8,8,6
1014.34,-23,14,-23
1014.34,-23,-11,3
1014.34,12,14,39
1014.34,-18,9,18
1014.34,-3,15,-13
1014.34,23,13,-12
1014.34,4,6,-6
1014.34,11,13,14
1014.34,5,2,3
1014.34,13,-13,-15
1014.34,-9,-46,-33
1014.34,16,6,-28
1014.34,-7,13,-58
1014.34,-46,7,60
1014.34,-45,-39,2
1014.34,-48,-43,-30
1014.34,-59,8,28
1014.34,0,6,8
1014.34,56,16,-20
1014.34,501,149,96
1014.34,-37,-20,-203
1014.34,43,78,-253
1014.34,-10,114,49
1014.34,-29,-102,135
1014.34,-40,-59,10
1014.34,-32,-49,1
1014.32,-138,-49,93
1014.32,-93,-101,26
1014.32,-14,25,-54
1014.32,23,60,-10
1014.32,-17,24,12
1014.32,51,20,-4
1014.34,13,49,-1
1014.34,62,40,44
1014.34,8,-13,22
1014.34,33,0,-61
1014.34,20,72,-56
1014.34,60,45,9
1014.34,-74,-21,-17
1014.32,9,-36,-12
1014.32,-8,4,72
1014.32,-24,-51,46
1014.32,-16,-64,17
1014.32,6,-52,-23
1014.32,-23,-32,19
1014.32,-4,-10,-23
1014.32,-20,33,7
1014.32,7,70,-26
1014.32,17,43,-37
1014.32,-2,1,-12
1014.32,-16,27,24
1014.32,6,-11,-35
1014.32,23,34,11
1014.32,-9,42,10
1014.32,7,6,-47
1014.32,21,9,-39
1014.32,-21,9,3
1014.32,-2,5,-34
1014.32,1,-26,-7
1014.32,-7,-18,60
1014.32,5,-34,57
1014.32,-25,-64,37
1014.32,-24,-49,2
1014.32,-15,-1,-18
1014.32,-2,20,-14
1014.32,23,60,24
1014.32,-5,22,1
1014.32,-8,29,-27
1014.32,-1,54,7
1014.32,5,33,14
1014.32,-6,7,-35
1014.32,-1,7,13
1014.34,-22,-8,51
1014.34,1,-37,29
1014.34,-14,-38,28
1014.34,-9,-42,14
1014.34,-13,-24,-22
1014.34,-3,4,-15
1014.34,6,17,-9
1014.34,-3,-9,14
1014.34,-1,-12,10
1014.34,-15,6,11
1014.34,-4,-15,7
1014.34,-5,8,10
1014.34,-18,12,2
1014.32,-3,10,-22
1014.32,1,21,-19
1014.32,-1,18,-14
1014.32,5,15,-21
1014.32,-9,4,-1
1014.32,-3,-10,-7
1014.32,2,12,-9
1014.32,7,-8,4
1014.32,0,-18,12
1014.32,11,-23,17
1014.32,-9,-18,11
1014.32,-8,-1,8
1014.32,-9,4,24
1014.32,-14,1,-2
1014.32,5,16,4
1014.32,15,10,-2
1014.32,-4,12,14
1014.32,-5,14,4
1014.32,5,20,-19
1014.32,7,16,-14
1014.32,-5,4,-8
1014.32,13,13,-17
1014.32,2,-14,-13
1014.32,-19,-12,3
1014.32,-5,-20,-10
1014.32,-23,-13,-3
1014.32,-5,-13,-7
1014.32,-18,-5,15
1014.32,1,2,-15
1014.32,-4,-4,-13
1014.32,-3,8,-1
1014.32,-4,5,-24
1014.32,1,20,19
1014.32,12,24,1
1014.32,8,5,-17
1014.32,-8,-7,-1
1014.32,-7,-13,10
1014.32,-5,-21,-9
1014.32,-11,-2,4
1014.32,8,-11,-3
1014.32,-5,-9,-3
1014.32,-13,1,6
1014.32,-7,13,-10
1014.32,7,16,0
1014.32,-10,1,2
1014.32,-21,-3,12
1014.32,-11,27,4
1014.32,3,10,-7
1014.32,-13,1,3
1014.32,-4,6,-2
1014.32,11,3,2
1014.32,-2,1,8
1014.32,3,-9,12
1014.32,15,-4,4
1014.32,4,-6,0
1014.32,-5,-3,-11
1014.32,4,3,-4
1014.32,10,5,1
1014.32,-2,6,-1
1014.30,-7,-10,0
1014.30,-10,0,-6
1014.30,-11,-3,2
1014.30,4,11,-3
1014.30,-3,-1,9
1014.30,3,6,12
1014.30,0,0,-2
1014.32,-10,6,4
1014.32,-19,6,8
1014.32,-8,2,0
1014.32,-3,-14,12
1014.32,-7,8,-8
1014.32,-11,-11,-8
1014.32,7,2,-10
1014.32,-6,4,9
1014.32,9,6,4
1014.32,4,2,21
1014.32,-2,-12,9
1014.32,2,-9,-12
1014.32,18,-9,-37
1014.32,9,-5,-27
1014.32,5,8,-2
1014.32,17,-11,-17
1014.32,-20,-1,0
1014.32,17,14,-4
1014.32,10,-2,2
1014.32,-10,-7,23
1014.32,3,3,25
1014.32,-6,-2,13
1014.32,-6,6,4
1014.32,-8,5,6
1014.32,-2,-11,9
1014.32,-3,-8,-22
1014.34,-13,-12,-20
1014.34,-17,-10,-15
1014.34,-9,-7,6
1014.34,-6,-4,-3
1014.34,13,-2,-2
1014.34,-14,-4,-14
1014.34,8,12,0
1014.32,-2,-3,14
1014.32,7,-1,4
1014.32,-5,5,-5
1014.32,3,5,7
1014.32,-4,12,7
1014.32,-11,8,1
1014.32,-10,-10,-5
1014.34,-12,3,7
1014.34,4,-2,-3
1014.34,-3,13,-3
1014.34,12,-5,0
1014.34,15,0,10
1014.34,-18,14,4
1014.34,3,-2,4
1014.34,11,-5,11
1014.34,-3,-6,20
1014.34,-1,-6,10
1014.34,-18,2,12
1014.34,-2,-16,19
1014.34,-16,-2,27
1014.34,-13,5,33
1014.34,-7,5,30
1014.34,9,2,34
1014.34,-8,9,51
1014.34,0,6,48
1014.34,-32,12,81
1014.34,-17,5,49
1014.34,-26,3,58
1014.34,-23,0,76
1014.34,-23,8,90
1014.34,-20,7,104
1014.34,-25,-31,164
1014.34,-63,-31,192
1014.32,-52,-6,142
1014.32,-36,27,139
1014.32,-45,10,163
1014.32,-43,10,136
1014.32,-13,-12,113
1014.32,8,1,106
1014.32,9,32,123
1014.34,47,37,105
1014.34,50,25,67
1014.34,39,-22,28
1014.34,28,-18,18
1014.34,14,-18,16
1014.34,25,-8,81
1014.34,36,16,145
1014.34,42,0,152
1014.34,35,17,158
1014.34,28,1,148
1014.34,24,-9,152
1014.34,26,5,153
1014.34,-19,23,195
1014.34,-30,14,188
1014.34,-14,27,194
1014.34,-18,16,199
1014.34,-38,10,188
1014.34,-22,-14,163
1014.34,-41,-9,197
1014.34,-22,6,204
1014.34,-26,-2,212
1014.34,-18,19,215
1014.34,-24,4,196
1014.34,-28,-9,181
1014.34,-20,-4,178
1014.34,-25,15,196
1014.34,1,5,190
1014.34,13,-3,185
1014.34,5,9,198
1014.34,13,-5,189
1014.34,17,3,199
1014.34,-1,15,190
1014.34,1,-5,185
1014.32,-1,7,186
1014.32,-6,-5,187
1014.32,4,12,186
1014.32,-12,8,211
1014.32,-11,28,194
1014.32,-15,17,182
1014.34,-9,7,203
1014.34,-16,-1,206
1014.34,-20,16,214
1014.34,-29,5,232
1014.34,-37,-12,234
1014.34,-38,4,231
1014.34,-20,-1,234
1014.34,-23,0,223
1014.34,1,3,203
1014.34,8,17,216
1014.34,-1,15,234
1014.34,-16,-1,232
1014.34,-21,-2,238
1014.32,-30,12,220
1014.32,-9,6,225
1014.32,-7,-3,221
1014.32,-4,1,224
1014.32,-16,3,220
1014.32,-25,-1,199
1014.32,-14,8,213
1014.32,-16,14,206
1014.32,-4,24,213
1014.32,-15,17,204
1014.32,-24,14,184
1014.32,-9,-14,178
1014.32,-12,8,188
1014.32,0,-9,173
1014.32,-3,9,190
1014.32,13,-10,169
1014.32,-1,-2,167
1014.32,-8,-1,138
1014.32,-12,3,163
1014.32,-23,18,172
1014.32,-26,37,181
1014.32,-19,18,179
1014.32,-28,10,187
1014.32,-12,-16,192
1014.32,-24,-6,188
1014.32,-18,-3,202
1014.32,-6,7,221
1014.32,-19,-3,203
1014.32,-15,-7,182
1014.32,-10,-12,195
1014.32,-11,1,208
1014.32,-8,5,215
1014.32,-6,-7,192
1014.32,3,11,206
1014.32,-17,10,209
1014.32,11,13,175
1014.32,16,12,179
1014.32,2,24,199
1014.32,10,14,192
1014.32,-4,9,179
1014.32,3,-4,175
1014.32,-17,3,184
1014.32,-20,1,167
1014.32,-16,9,175
1014.32,-28,10,188
1014.32,-12,11,197
1014.32,-35,5,195
1014.30,-18,4,191
1014.30,-14,2,198
1014.30,-12,-17,198
1014.30,-11,5,177
1014.30,-8,12,177
1014.30,-18,17,183
1014.30,7,-4,188
1014.30,-10,13,174
1014.30,1,11,176
1014.30,2,1,190
1014.30,-3,11,209
1014.30,0,0,221
1014.30,-3,-10,211
1014.30,-4,-1,215
1014.30,-11,14,196
1014.30,1,11,191
1014.30,-8,15,187
1014.30,10,2,196
1014.30,-13,7,197
1014.28,-6,-14,192
1014.28,-16,17,185
1014.28,-22,-1,180
1014.28,-5,1,152
1014.28,-12,0,146
1014.28,-17,7,172
1014.28,2,7,198
1014.28,-6,16,191
1014.28,2,-1,183
1014.28,-9,12,165
1014.28,-2,3,174
1014.28,-11,4,205
1014.28,-16,-18,209
1014.28,-9,12,203
1014.28,-17,25,241
1014.28,-28,21,227
1014.28,-19,6,204
1014.28,-19,-8,203
1014.28,-7,3,196
1014.28,-14,-1,177
1014.27,-1,10,199
1014.27,15,16,203
1014.27,6,7,189
1014.27,8,-6,184
1014.27,-4,-29,166
1014.27,-2,0,187
1014.27,1,23,187
1014.27,-5,0,196
1014.27,-16,4,184
1014.27,-10,25,204
1014.27,-24,9,221
1014.27,-17,3,167
1014.27,-23,23,158
1014.27,-10,15,198
1014.27,-21,15,195
1014.27,-9,-10,188
1014.27,-5,4,184
1014.27,-1,0,166
1014.27,-10,9,172
1014.27,-28,-11,202
1014.27,-18,-15,193
1014.27,-10,-14,174
1014.27,-11,25,180
1014.27,-17,14,175
1014.27,-5,-7,181
1014.27,-21,6,176
1014.25,-17,-12,127
1014.25,-21,-16,134
1014.25,0,13,157
1014.25,-1,18,187
1014.25,-13,-23,141
1014.25,10,48,141
1014.25,-46,12,175
1014.25,-13,-14,140
1014.25,-3,-13,174
1014.25,-15,-12,173
1014.25,9,-3,164
1014.25,-9,9,159
1014.25,-12,-15,142
1014.25,-24,-7,159
1014.25,3,0,145
1014.25,-8,6,128
1014.25,-6,18,157
1014.25,34,5,146
1014.25,-1,-21,133
1014.25,18,19,98
1014.25,-3,23,98
1014.25,-45,-14,65
1014.25,-39,2,83
1014.25,-36,3,92
1014.25,-34,-6,76
1014.25,-13,-7,79
1014.25,-4,0,75
1014.23,12,1,48
1014.23,30,9,102
1014.23,15,39,116
1014.23,8,48,118
1014.23,20,25,82
1014.23,-30,29,90
1014.23,-24,33,78
1014.23,-29,-17,9
1014.23,-55,9,12
1014.23,-35,1,-1
1014.23,-11,-19,-8
1014.23,14,-44,-56
1014.23,26,-22,-46
1014.23,32,-24,-15
1014.23,24,-9,-5
1014.23,51,28,60
1014.23,33,62,96
1014.23,19,44,92
1014.23,20,28,71
1014.23,-22,34,118
1014.23,-33,-2,87
1014.23,-53,4,96
1014.23,-44,18,134
1014.23,-47,2,143
1014.23,-18,-1,71
1014.23,1,25,34
1014.21,-19,-21,-12
1014.21,-1,-39,-44
1014.21,17,-19,-19
1014.21,29,-20,1
1014.21,39,-10,1
1014.21,29,34,-47
1014.21,30,15,-42
1014.12,5,-19,-11
1014.12,-12,-19,0
1014.12,-11,-12,11
1014.12,-20,19,30
1014.12,-30,42,58
1014.12,-12,30,21
1014.12,-13,5,9
1014.12,-12,-11,-3
1014.12,-22,-17,-47
1014.12,-12,-1,-36
1014.12,16,19,-17
1014.12,11,10,-6
1014.12,26,-12,-47
1014.12,20,-17,-53
1014.12,-1,-21,-77
1014.12,9,-19,-71
1014.12,11,-2,-6
1014.12,-6,-15,29
1014.12,1,-3,27
1014.12,-25,8,40
1014.10,-16,-26,19
1014.10,-36,-7,15
1014.10,-20,6,47
1014.10,-6,1,48
1014.10,-19,18,53
1014.10,10,50,49
1014.10,-14,5,3
1014.10,-2,-16,4
1014.10,32,-20,-19
1014.10,1,-28,-49
1014.10,7,4,-48
1014.10,8,59,-17
1014.10,-2,8,-20
1014.08,18,-26,-58
1014.08,1,-18,-67
1014.08,2,-16,-9
1014.08,7,-24,-14
1014.08,18,-4,21
1014.08,20,18,9
1014.08,5,1,3
1014.08,1,15,8
1014.08,-6,19,31
1014.08,-30,-21,29
1014.08,-5,-15,-3
1014.08,-1,16,23
1014.08,-25,32,31
1014.08,-4,15,12
1014.08,-6,-8,34
1014.08,-18,-6,40
1014.08,-4,-36,-10
1014.08,-10,-24,-30
1014.08,-10,24,28
1014.08,11,1,2
1014.08,-3,-14,-19
1014.08,10,-14,-14
1014.08,7,-15,-31
1014.08,11,-31,-22
1014.08,-15,-34,0
1014.08,11,-13,-31
1014.06,34,8,19
1014.06,1,-4,20
1014.06,23,-2,-47
1014.06,20,-23,6
1014.06,13,-8,-14
1014.06,0,-16,-21
1014.06,23,29,-6
1014.04,3,29,2
1014.04,-7,14,-12
1014.04,2,-2,-18
1014.04,-2,-1,-27
1014.04,-40,-17,-42
1014.04,-26,11,-2
1014.04,-29,25,42
1014.04,-12,4,2
1014.04,-17,-15,6
1014.04,-4,-5,15
1014.04,-1,-28,-3
1014.04,-2,-26,7
1014.04,3,-9,45
1014.04,-2,-6,50
1014.04,27,-5,8
1014.04,13,6,-6
1014.04,23,20,25
1014.04,34,-17,9
1014.04,-1,-29,14
1014.04,-5,-9,24
1014.04,12,19,1
1014.04,10,34,27
1014.04,-5,3,11
1014.04,-1,2,6
1014.04,6,0,-15
1014.04,-7,-16,6
1014.02,-11,-1,42
1014.02,10,21,26
1014.02,25,7,16
1014.02,16,5,0
1014.02,16,1,7
1014.02,12,-41,8
1014.02,-20,-12,8
1014.02,-14,27,42
1014.02,-20,-6,14
1014.02,-20,-7,-11
1014.02,16,-14,-30
1014.02,10,-39,-28
1014.02,13,-14,-40
1014.00,-8,25,29
1014.00,-3,2,2
1014.00,11,-16,-15
1014.00,11,12,-38
1014.00,10,-17,-54
1014.00,5,-14,-34
1014.00,0,-23,-18
1014.00,4,-37,-36
1014.00,1,4,-21
1014.00,26,32,-9
1014.00,26,10,-8
1014.00,6,-40,-23
1014.00,35,-40,8
1014.00,1,-13,-25
1014.00,-5,7,26
1014.00,-11,39,20
1014.00,4,29,-4
1014.00,2,15,14
1014.00,-17,-17,-8
1014.00,-22,0,-15
1014.00,-20,12,13
1014.00,-18,5,9
1014.00,-15,19,21
1014.00,-12,-14,14
1014.00,-10,-32,-14
1014.00,13,-30,-15
1014.00,19,-63,51
1014.00,27,-66,67
1014.00,29,-50,54
1014.00,0,-10,53
1014.00,-7,30,41
1014.00,16,24,-13
1014.00,10,-23,-17
1014.00,15,-22,-15
1014.00,46,-4,-10
1014.00,18,28,31
1014.00,-14,51,45
1014.00,12,14,-7
1014.00,2,-7,-48
1014.00,-26,3,-51
1013.98,-16,-5,-45
1013.98,-9,-23,-28
1013.98,-16,-7,23
1013.98,10,-14,-21
1013.98,13,-10,-30
1013.98,9,-9,-30
1013.98,26,-20,-46
1013.98,3,-42,-38
1013.98,21,-19,-17
1013.98,30,0,15
1013.98,-10,8,48
1013.98,-9,7,-7
1013.98,1,-4,-10
1013.98,-14,5,29
1013.98,-3,3,4
1013.98,6,6,26
1013.98,7,29,26
1013.98,10,15,-11
1013.98,2,4,20
1013.98,-19,-39,26
1013.96,-8,-51,21
1013.96,-1,-39,27
1013.96,-10,1,46
1013.96,-1,10,26
1013.96,24,-15,40
1013.96,9,-21,48
1013.96,15,-8,-8
1013.96,7,-12,24
1013.96,-6,-14,38
1013.96,12,-7,21
1013.96,16,5,39
1013.96,-8,10,28
1013.96,19,-7,-44
1013.96,10,3,-29
1013.96,-6,7,-20
1013.96,-2,-26,-18
1013.96,10,14,8
1013.96,5,19,38
1013.96,-12,-33,-56
1013.96,-6,2,-62
1013.94,-3,-11,-17
1013.94,1,-50,-45
1013.94,26,-19,33
1013.94,17,11,44
1013.94,8,-12,-18
1013.94,13,7,-19
1013.94,8,14,8
1013.94,-5,-37,-12
1013.94,17,-3,8
1013.94,-20,23,36
1013.94,2,-4,9
1013.94,4,23,14
1013.94,-25,-18,-6
1013.94,-6,-31,-37
1013.94,3,-22,26
1013.94,-21,-17,8
1013.94,-3,1,-16
1013.94,25,25,6
1013.94,10,16,0
1013.92,15,-12,-18
1013.92,15,-31,-1
1013.92,4,-18,-4
1013.92,13,-2,-26
1013.92,-3,24,6
1013.92,-1,-5,-20
1013.92,4,2,-13
1013.92,-3,24,7
1013.92,-12,-16,-11
1013.92,-18,-15,-11
1013.92,-11,-22,15
1013.92,-7,-12,-3
1013.92,23,-16,-23
1013.92,12,35,-7
1013.92,19,-22,-32
1013.92,15,-37,-71
1013.92,9,2,-2
1013.92,16,-12,-38
1013.92,19,-10,-6
1013.92,16,17,37
1013.90,22,-17,-12
1013.90,10,-14,-24
1013.90,-5,21,-3
1013.90,-1,-5,-13
1013.90,-5,5,25
1013.90,-14,33,102
1013.90,-18,-7,16
1013.90,-5,-27,-10
1013.90,-21,-15,18
1013.90,-8,-39,-39
1013.90,29,-36,-18
1013.90,4,-24,29
1013.90,23,-6,-28
1013.90,39,-6,-4
1013.90,2,7,71
1013.90,18,0,-27
1013.90,17,-22,-24
1013.90,-17,15,62
1013.90,1,8,10
1013.90,2,9,22
1013.89,-13,12,53
1013.89,6,-19,-40
1013.89,29,-6,-64
1013.89,-18,9,4
1013.89,13,-13,-33
1013.89,4,-7,2
1013.89,-4,11,26
1013.89,11,-29,-34
1013.89,19,-5,-26
1013.89,-16,22,22
1013.89,24,-19,-43
1013.89,3,-11,-9
1013.89,17,-4,29
1013.89,24,-35,-27
1013.89,40,8,-7
1013.89,-4,19,15
1013.89,-14,-12,-14
1013.89,16,-1,-2
1013.89,-12,-4,12
1013.89,-14,-17,-23
1013.88,7,29,8
1013.88,-9,36,28
1013.88,-26,9,3
1013.88,0,6,6
1013.88,2,-11,9
1013.88,13,-33,-15
1013.88,-3,-22,25
1013.88,-3,-1,33
1013.88,22,1,14
1013.88,27,4,16
1013.88,8,2,-15
1013.88,13,-20,-2
1013.88,17,-31,8
1013.88,5,12,34
1013.88,12,-30,23
1013.88,28,25,9
1013.88,3,8,-34
1013.88,21,-8,-48
1013.88,-3,-25,-17
1013.88,-25,-12,0
1013.88,13,-21,0
1013.88,14,12,3
1013.88,4,3,13
1013.88,23,-15,35
1013.88,15,-57,2
1013.88,-11,-20,-12
1013.85,-7,2,0
1013.85,9,-1,-7
1013.85,4,9,9
1013.85,8,-6,32
1013.85,33,-8,-3
1013.85,-26,1,34
1013.85,5,6,1
1013.85,33,-32,-38
1013.85,14,-5,-29
1013.85,20,38,36
1013.85,10,9,34
1013.85,-10,-23,21
1013.85,-11,-5,23
1013.83,7,-10,-24
1013.83,-3,-30,1
1013.83,1,11,26
1013.83,13,10,-6
1013.83,16,-11,-12
1013.83,22,19,-18
1013.83,18,-17,-82
1013.83,-6,-33,-78
1013.83,-26,4,-36
1013.83,-17,7,-24
1013.83,-9,0,-11
1013.83,0,-3,3
1013.83,1,-29,-56
1013.83,-16,-16,-66
1013.83,-10,-5,-16
1013.83,-26,14,2
1013.83,-33,19,32
1013.83,3,4,57
1013.83,7,-7,-9
1013.83,-2,-13,3
1013.81,-18,-30,23
1013.81,-16,4,53
1013.81,-28,-12,59
1013.81,25,-2,74
1013.81,18,-24,9
1013.81,11,8,-18
1013.81,-3,24,7
1013.81,-12,2,17
1013.81,-5,-13,51
1013.81,22,-8,56
1013.81,39,-21,-4
1013.81,48,-25,-51
1013.81,47,17,-3
1013.83,17,10,-7
1013.83,27,-38,-39
1013.83,7,-14,-32
1013.83,7,-2,-71
1013.83,24,28,-49
1013.83,3,33,-11
1013.83,12,7,-37
1013.79,32,-22,-48
1013.79,24,-12,-51
1013.79,25,8,-52
1013.79,22,-15,-19
1013.79,31,28,32
1013.79,5,13,4
1013.79,9,-16,-15
1013.79,-15,11,15
1013.79,-3,1,11
1013.79,4,-33,-4
1013.79,-9,-20,55
1013.79,-12,23,38
1013.79,17,-16,-27
1013.79,19,5,19
1013.79,4,-20,49
1013.79,37,-64,-15
1013.79,26,4,37
1013.79,17,51,79
1013.79,48,-1,26
1013.79,24,-8,4
1013.79,14,6,53
1013.79,0,-42,10
1013.79,14,-27,-14
1013.79,9,35,42
1013.79,8,-29,10
1013.79,13,1,-1
1013.77,20,17,-11
1013.77,-4,-13,-40
1013.77,-7,-2,-23
1013.77,-1,13,-2
1013.77,-6,-24,-29
1013.77,-5,-10,-45
1013.77,-4,24,3
1013.77,5,0,-66
1013.77,-8,-4,-22
1013.77,-15,-2,19
1013.77,10,-44,-74
1013.77,1,-13,10
1013.77,10,10,38
1013.77,6,-3,-16
1013.77,19,-29,56
1013.77,-4,-23,65
1013.77,4,-64,-22
1013.77,22,-28,31
1013.77,4,25,48
1013.77,6,12,-5
1013.75,34,31,15
1013.75,-2,9,-1
1013.75,-2,-30,-68
1013.75,15,-24,11
1013.75,4,-22,49
1013.75,22,-29,14
1013.75,21,18,69
1013.75,-17,-2,68
1013.75,-4,-51,10
1013.75,-10,-18,51
1013.75,-12,-9,8
1013.75,12,6,23
1013.75,4,25,82
1013.73,-5,10,34
1013.73,-8,-38,-24
1013.73,-7,-29,-45
1013.73,-8,15,-47
1013.73,-2,4,-45
1013.73,5,-3,1
1013.73,4,34,49
1013.73,11,-8,-7
1013.73,0,-1,3
1013.73,1,-14,23
1013.73,11,-31,-28
1013.73,-11,-1,8
1013.73,-21,22,32
1013.71,29,-6,-5
1013.71,46,-7,-4
1013.71,34,7,23
1013.71,28,-15,-15
1013.71,22,-14,-1
1013.71,12,18,38
1013.71,23,-21,-35
1013.75,14,-12,-8
1013.75,0,37,36
1013.75,39,-4,-67
1013.75,-2,-46,-6
1013.75,-11,3,40
1013.75,17,-34,-42
1013.75,21,-33,26
1013.69,11,6,67
1013.69,-3,-10,-31
1013.69,-18,-6,-9
1013.69,-16,38,4
1013.69,-11,3,-46
1013.69,-8,-30,-17
1013.69,4,35,56
1013.69,22,-6,-51
1013.69,18,-21,-39
1013.69,3,14,16
1013.69,39,4,-81
1013.69,32,-28,-51
1013.69,24,1,44
1013.69,35,0,-10
1013.69,36,-10,-9
1013.69,5,16,11
1013.69,37,4,-85
1013.69,3,-2,-29
1013.69,-14,4,69
1013.69,-13,-18,12
1013.69,2,-22,17
1013.69,10,-10,12
1013.69,-1,-4,-42
1013.69,19,7,-21
1013.69,-14,-13,-21
1013.69,9,-19,-21
1013.67,20,-12,12
1013.67,7,9,-6
1013.67,12,-5,-25
1013.67,9,-4,28
1013.67,-10,8,36
1013.67,-2,-7,17
1013.67,-14,-15,1
1013.67,-1,18,11
1013.67,-11,18,0
1013.67,19,1,39
1013.67,-13,-6,56
1013.67,-19,-30,0
1013.67,15,-56,-62
1013.71,-18,13,-16
1013.71,-30,-15,-39
1013.71,25,-28,-53
1013.71,10,22,18
1013.71,20,-10,-28
1013.71,22,-6,-99
1013.71,1,25,-35
1013.65,10,-7,-35
1013.65,16,-10,-5
1013.65,5,10,28
1013.65,0,-17,13
1013.65,21,-15,-18
1013.65,-9,18,18
1013.65,8,-29,-5
1013.65,-41,-28,71
1013.65,-21,-30,86
1013.65,-15,-44,65
1013.65,1,-5,68
1013.65,-8,4,42
1013.65,-20,-7,-12
1013.63,-36,-12,94
1013.63,-12,3,68
1013.63,1,-25,56
1013.63,2,-1,108
1013.63,8,9,2
1013.63,11,-10,4
1013.63,-19,-4,48
1013.63,0,1,15
1013.63,4,-2,8
1013.63,1,6,30
1013.63,22,11,-52
1013.63,20,-5,-40
1013.63,17,-15,-2
1013.63,40,-29,-68
1013.63,21,-25,-50
1013.63,38,-9,-70
1013.63,47,15,-110
1013.63,35,0,-57
1013.63,48,14,1
1013.63,15,-13,-55
1013.61,6,-31,-47
1013.61,1,2,-13
1013.61,-18,5,-42
1013.61,-7,-10,-10
1013.61,24,15,38
1013.61,8,-24,-16
1013.61,1,-41,-31
1013.61,1,5,39
1013.61,-6,-22,-12
1013.61,4,-42,-2
1013.61,-4,20,84
1013.61,-12,15,59
1013.61,7,-21,18
1013.59,9,3,27
1013.59,-25,11,38
1013.59,-24,-25,43
1013.59,-7,30,102
1013.59,-13,39,99
1013.59,-11,-21,31
1013.59,-28,8,23
1013.59,-7,-3,-17
1013.59,11,-38,0
1013.59,16,2,47
1013.59,18,-3,-17
1013.59,3,-20,-35
1013.59,12,-4,-63
1013.59,27,-8,-111
1013.59,22,-17,-71
1013.59,33,9,-60
1013.59,29,28,-58
1013.59,19,-4,-55
1013.59,24,13,-44
1013.59,15,-22,-79
1013.59,13,-19,-60
1013.59,-4,23,-14
1013.59,-21,8,-59
1013.59,-34,-4,-45
1013.59,-20,9,11
1013.59,-5,-4,-31
1013.56,-14,-32,56
1013.56,-20,11,61
1013.56,-22,-15,70
1013.56,6,-20,63
1013.56,24,14,92
1013.56,19,7,97
1013.56,28,-6,63
1013.56,32,15,67
1013.56,25,-14,17
1013.56,27,-15,15
1013.56,19,5,57
1013.56,15,-18,25
1013.56,33,9,51
1013.56,4,25,35
1013.56,-13,8,-17
1013.56,-5,3,-5
1013.56,-7,9,-39
1013.56,-12,4,23
1013.56,-9,-10,27
1013.56,-16,13,4
1013.56,-7,11,-41
1013.56,2,8,-55
1013.56,-21,5,-73
1013.56,8,-19,-73
1013.56,15,18,-31
1013.56,7,32,-13
1013.56,24,-14,-59
1013.53,44,-21,-43
1013.53,26,-25,-58
1013.53,-1,-26,-65
1013.53,0,-23,-21
1013.53,-2,-12,-37
1013.53,-6,-8,3
1013.53,4,-4,8
1013.53,4,-15,-7
1013.53,-16,-23,43
1013.53,0,-4,60
1013.53,-15,-10,71
1013.53,-4,-19,28
1013.53,5,30,55
1013.51,-17,18,54
1013.51,-3,13,20
1013.51,4,37,60
1013.51,-6,-17,20
1013.51,8,-16,-13
1013.51,0,28,21
1013.53,12,1,22
1013.53,26,-20,14
1013.53,3,11,55
1013.53,20,-14,-29
1013.53,9,-26,-50
1013.53,-5,-7,-17
1013.53,2,-29,4
1013.51,4,-32,1
1013.51,11,-3,29
1013.51,3,4,-4
1013.51,10,-26,-66
1013.51,-7,10,-26
1013.51,-13,13,-43
1013.51,4,8,-33
1013.51,16,23,-3
1013.51,20,23,-29
1013.51,-6,-11,-43
1013.51,-15,-5,-63
1013.51,2,8,-17
1013.51,-10,6,12
1013.51,-5,-7,36
1013.51,4,15,22
1013.51,4,8,-12
1013.51,4,3,12
1013.51,1,2,33
1013.51,0,-15,55
1013.51,15,-18,45
1013.47,-2,-14,11
1013.47,11,-11,4
1013.47,-7,-9,7
1013.47,-12,-39,-7
1013.47,17,-13,-1
1013.47,19,23,-26
1013.49,-16,2,-50
1013.49,4,-17,-30
1013.49,-5,27,4
1013.49,31,21,-9
1013.49,15,-1,-5
1013.49,-21,23,26
1013.49,9,8,-24
1013.49,-8,-3,-11
1013.49,-31,20,59
1013.49,0,-2,14
1013.49,14,-5,22
1013.49,15,23,21
1013.49,-9,-1,7
1013.49,-19,-35,-24
1013.49,-17,-52,11
1013.49,5,-21,35
1013.49,29,-9,12
1013.49,-14,-8,21
1013.49,-2,-2,9
1013.49,3,-25,-3
1013.47,10,-14,-11
1013.47,14,-1,8
1013.47,26,0,27
1013.47,20,16,14
1013.47,0,30,1
1013.47,12,4,-42
1013.47,-17,4,-42
1013.43,-4,13,-32
1013.43,16,-12,-10
1013.43,-8,-6,-4
1013.43,-8,38,12
1013.43,-9,-14,-43
1013.43,-1,1,-9
1013.42,-6,13,27
1013.42,-9,-37,-5
1013.42,-3,-11,26
1013.42,-4,32,38
1013.42,6,0,-39
1013.42,21,-8,-3
1013.42,38,14,38
1013.42,7,-46,-8
1013.42,35,-12,-9
1013.42,19,11,-12
1013.42,-8,17,-39
1013.42,31,-21,-7
1013.42,-9,10,8
1013.43,-24,-27,-59
1013.43,0,-6,-13
1013.43,-24,16,-11
1013.43,-17,16,-31
1013.43,7,1,24
1013.43,19,41,50
1013.43,2,-14,1
1013.43,8,-20,46
1013.43,-6,-2,41
1013.43,-22,-1,-9
1013.43,37,5,66
1013.43,10,14,87
1013.43,0,-3,33
1013.43,15,-9,15
1013.42,-18,27,30
1013.42,-25,-35,4
1013.42,-5,-28,33
1013.42,4,18,51
1013.42,0,18,30
1013.42,18,-1,-20
1013.40,-14,-4,-37
1013.40,-16,-24,-27
1013.40,14,-40,-56
1013.40,9,24,12
1013.40,18,11,14
1013.40,30,-8,2
1013.40,-1,6,-47
1013.42,-1,1,-33
1013.42,-4,-9,-62
1013.42,13,-2,-55
1013.42,-2,25,-8
1013.42,1,-16,-62
1013.42,1,7,-56
1013.42,-3,29,-4
1013.38,3,-28,-72
1013.38,-16,-3,-15
1013.38,2,22,34
1013.38,12,-8,-54
1013.38,6,15,15
1013.38,-18,12,85
1013.36,6,-45,8
1013.36,-9,-17,38
1013.36,-6,20,61
1013.36,7,-21,-10
1013.36,1,-19,51
1013.36,8,12,79
1013.36,12,-18,23
1013.36,10,-4,33
1013.36,1,35,10
1013.36,15,-25,-22
1013.36,10,-2,6
1013.36,-18,16,40
1013.36,7,-24,42
1013.36,4,5,42
1013.36,-19,16,8
1013.36,-9,-34,-26
1013.36,11,-17,-26
1013.36,-10,5,-12
1013.36,28,-6,-35
1013.36,22,21,16
1013.36,-2,4,-91
1013.36,5,-19,-108
1013.36,-7,12,-64
1013.36,6,32,-57
1013.36,32,-18,-43
1013.36,-2,22,7
1013.36,-1,0,-50
1013.36,12,-27,-42
1013.36,5,8,23
1013.36,12,-29,-35
1013.36,16,-20,0
1013.36,-16,28,28
1013.36,-20,5,-19
1013.34,13,1,-12
1013.34,15,15,66
1013.34,-16,-11,33
1013.34,13,-47,41
1013.34,-18,21,51
1013.34,-10,25,-20
1013.34,9,-8,35
1013.34,1,2,71
1013.34,1,-22,8
1013.34,4,-4,35
1013.34,-19,5,32
1013.34,-15,-30,-15
1013.34,32,4,18
1013.32,-5,14,7
1013.32,5,-10,-6
1013.32,13,-5,30
1013.32,-13,-3,-29
1013.32,-18,1,-58
1013.32,13,27,-20
1013.32,-9,8,-54
1013.34,14,-17,-40
1013.34,-13,-28,-1
1013.34,13,-1,-38
1013.34,0,13,-73
1013.34,2,3,-28
1013.34,9,1,-13
1013.36,0,-18,2
1013.36,5,-2,17
1013.36,3,14,-3
1013.36,12,-2,-7
1013.36,3,-22,-6
1013.36,-22,-13,4
1013.36,-1,15,33
1013.32,16,-18,57
1013.32,5,0,23
1013.32,17,-4,14
1013.32,6,-3,-19
1013.32,-2,14,33
1013.32,10,-16,62
1013.32,22,-21,45
1013.32,0,11,16
1013.32,7,15,-37
1013.32,-5,-20,-37
1013.32,-7,13,9
1013.32,-7,9,37
1013.32,8,-30,8
1013.32,-2,20,10
1013.32,-6,11,-8
1013.32,18,-11,-35
1013.32,-1,18,6
1013.32,-4,10,-19
1013.32,-22,-22,-10
1013.32,-6,3,8
1013.32,-2,-8,-11
1013.32,17,-40,13
1013.32,34,-29,0
1013.32,5,-6,-16
1013.32,24,-4,2
1013.32,10,3,-2
1013.32,-4,-28,4
1013.32,13,-24,29
1013.32,-10,18,74
1013.32,-4,9,6
1013.32,-15,-5,-1
1013.32,-14,-19,22
1013.32,-12,-34,-14
1013.31,4,-8,-7
1013.31,15,9,3
1013.31,-1,24,-4
1013.31,-7,15,-7
1013.31,1,5,-44
1013.31,5,-22,-52
1013.31,6,-13,4
1013.28,-3,-12,-16
1013.28,12,-3,-14
1013.28,-11,29,37
1013.28,-3,-6,-50
1013.28,0,-14,0
1013.28,-1,-1,20
1013.26,2,-29,-3
1013.26,-3,6,29
1013.26,-20,25,40
1013.26,0,-20,-25
1013.26,13,-27,4
1013.26,8,20,37
1013.26,23,-17,6
1013.26,3,-23,41
1013.26,-10,21,60
1013.26,14,-6,-31
1013.26,20,-3,24
1013.26,5,13,46
1013.26,-6,-37,-25
1013.26,-12,9,47
1013.26,-29,23,-22
1013.26,-4,16,-2
1013.26,16,24,30
1013.26,-29,6,-2
1013.26,-2,-41,-9
1013.26,15,-10,-12
1013.24,-17,25,27
1013.24,16,-17,-26
1013.24,-1,8,13
1013.24,-4,5,15
1013.24,13,-39,-17
1013.24,-32,14,-14
1013.24,-25,8,-7
1013.22,-5,-14,-19
1013.22,18,-4,-27
1013.22,25,23,-10
1013.22,25,18,10
1013.22,16,-13,-3
1013.22,-8,-7,4
1013.22,0,-42,-44
1013.22,9,6,-36
1013.22,1,34,-14
1013.22,6,17,-11
1013.22,-12,-16,4
1013.22,-19,-6,13
1013.22,14,-18,-44
1013.24,18,5,30
1013.24,-8,21,29
1013.24,-16,-6,18
1013.24,-14,36,32
1013.24,10,24,-19
1013.24,10,-3,-15
1013.22,13,-16,28
1013.22,0,1,21
1013.22,22,-23,-18
1013.22,-6,30,13
1013.22,-6,13,-31
1013.22,0,-19,-54
1013.22,-1,9,17
1013.24,18,1,-8
1013.24,7,-28,-8
1013.24,4,6,-4
1013.24,25,4,-21
1013.24,3,-25,16
1013.24,-6,-7,28
1013.22,-9,-8,13
1013.22,15,-19,-6
1013.22,8,8,-14
1013.22,-7,-3,-29
1013.22,13,-15,-10
1013.22,28,-4,21
1013.22,11,21,4
1013.22,8,5,-14
1013.22,-3,15,6
1013.22,-29,-5,-15
1013.22,-18,-39,-6
1013.22,-18,-2,-10
1013.22,-11,10,2
1013.22,11,20,4
1013.22,1,-1,-34
1013.22,-7,-34,-42
1013.22,19,-37,-31
1013.22,9,-28,21
1013.22,-26,-6,66
1013.22,6,6,-7
1013.20,-1,51,-9
1013.20,1,8,-45
1013.20,14,-36,-17
1013.20,16,-9,0
1013.20,7,16,-5
1013.20,-11,28,-3
1013.20,-15,29,-22
1013.20,-1,5,-34
1013.20,2,-28,-16
1013.20,3,-7,28
1013.20,-8,-25,12
1013.20,0,-8,26
1013.20,-26,13,44
1013.20,-4,0,4
1013.20,2,12,41
1013.20,0,-6,18
1013.20,-10,-36,21
1013.20,-9,-26,-24
1013.20,-14,10,-13
1013.20,14,25,-15
1013.20,25,-12,-22
1013.20,21,-13,6
1013.20,10,-15,-26
1013.20,6,-12,-34
1013.20,-14,23,1
1013.20,45,-12,14
1013.20,28,-1,2
1013.18,14,10,51
1013.18,7,-9,55
1013.18,-13,-3,65
1013.18,-3,-5,24
1013.18,7,-4,48
1013.18,4,-22,17
1013.18,10,18,40
1013.18,4,7,68
1013.18,-3,-23,17
1013.18,-25,-18,30
1013.18,6,-17,-4
1013.18,8,-14,0
1013.18,3,-4,52
1013.14,17,-15,23
1013.14,9,11,-4
1013.14,4,-4,-64
1013.14,11,2,-48
1013.14,25,-2,-39
1013.14,3,5,-25
1013.14,-1,-4,8
1013.14,2,-7,-27
1013.14,8,-18,-52
1013.14,3,2,-76
1013.14,15,10,-36
1013.14,-10,-14,3
1013.14,-19,-6,-26
1013.14,10,-6,-10
1013.14,-19,8,35
1013.14,-16,-8,32
1013.14,-13,-8,28
1013.14,-15,2,13
1013.14,-7,10,33
1013.14,0,11,24
1013.17,0,-19,60
1013.17,4,-15,67
1013.17,15,5,56
1013.17,30,21,56
1013.17,-9,5,19
1013.17,0,-37,12
1013.17,-1,-31,4
1013.17,11,8,7
1013.17,26,-8,21
1013.17,15,-21,-29
1013.17,1,11,-44
1013.17,-2,-7,-37
1013.17,-17,-5,-24
1013.14,-11,4,-34
1013.14,24,14,-23
1013.14,-4,39,3
1013.14,-29,21,-68
1013.14,-22,0,-28
1013.14,-14,13,-20
1013.14,-13,-27,-52
1013.13,-4,-25,10
1013.13,1,27,-1
1013.13,-6,-2,-45
1013.13,6,0,-7
1013.13,11,-7,-3
1013.13,14,-37,-11
1013.13,28,-20,22
1013.13,12,-1,35
1013.13,3,-12,28
1013.13,-5,-18,-2
1013.13,-2,13,14
1013.13,30,-10,-22
1013.13,-8,-23,64
1013.13,10,16,55
1013.13,13,-13,-20
1013.13,-7,5,39
1013.13,-11,27,12
1013.13,1,-2,-5
1013.13,8,-32,45
1013.13,-2,-7,-12
1013.13,-4,-11,-24
1013.13,24,-19,0
1013.13,-18,17,14
1013.13,5,-22,-14
1013.13,27,-10,16
1013.13,7,9,-1
1013.13,9,-22,-26
1013.13,-4,-13,21
1013.13,-13,-17,28
1013.13,5,-14,8
1013.13,23,25,-2
1013.13,15,29,0
1013.13,14,-15,15
1013.10,-17,-48,12
1013.10,3,-5,6
1013.10,21,-17,-17
1013.10,8,22,46
1013.10,19,27,24
1013.10,-2,-20,-18
1013.06,-20,-27,-14
1013.06,-5,3,-50
1013.06,-12,1,-11
1013.06,25,28,2
1013.06,11,27,-7
1013.06,-10,-9,-16
1013.06,-12,-8,-18
1013.08,3,8,-26
1013.08,3,-4,-23
1013.08,18,-3,-21
1013.08,-2,6,-19
1013.08,0,-14,-29
1013.08,0,-16,-8
1013.08,8,21,-10
1013.08,9,8,17
1013.08,-12,14,55
1013.08,-25,-30,29
1013.08,-4,-20,38
1013.08,16,-6,49
1013.08,-4,10,14
1013.08,-6,-22,14
1013.08,-7,-14,4
1013.08,-36,-12,-8
1013.08,-2,-18,31
1013.08,32,-39,54
1013.08,19,1,47
1013.08,34,-19,23
1013.06,13,-12,-19
1013.06,-24,-9,-37
1013.06,3,-10,-29
1013.06,15,-15,16
1013.06,2,-2,-4
1013.06,20,-5,-2
1013.06,-22,9,-4
1013.06,-18,2,-70
1013.06,12,24,-17
1013.06,24,13,-6
1013.06,23,-7,-21
1013.06,20,-15,39
1013.06,1,-9,45
1013.06,-22,35,-12
1013.06,0,-7,-23
1013.06,9,-6,-15
1013.06,-15,-21,4
1013.06,18,-33,4
1013.06,-6,22,22
1013.06,18,14,3
1013.06,22,-20,-33
1013.06,27,-22,-40
1013.06,27,-19,-40
1013.06,12,-6,-16
1013.06,23,23,-23
1013.06,17,22,-60
1013.04,-13,18,-16
1013.04,13,-11,-12
1013.04,-17,9,21
1013.04,-18,-35,43
1013.04,-20,-24,-13
1013.04,-19,-1,4
1013.04,9,24,20
1013.04,30,-6,23
1013.04,14,-29,-19
1013.04,10,6,28
1013.04,15,-7,2
1013.04,17,17,47
1013.04,20,24,106
1013.04,-2,4,50
1013.04,1,12,26
1013.04,-23,38,30
1013.04,-33,22,20
1013.04,9,-8,23
1013.04,1,-15,58
1013.04,2,-23,10
1013.02,22,-22,-35
1013.02,5,7,-59
1013.02,17,-20,-92
1013.02,20,-49,-87
1013.02,40,-33,-81
1013.02,31,10,-94
1013.02,2,21,-49
1013.02,-8,33,-54
1013.02,-16,32,-113
1013.02,-18,-1,-80
1013.02,-4,-24,-57
1013.02,-7,-17,-47
1013.02,21,-9,-11
1013.00,17,21,-8
1013.00,18,1,-37
1013.00,22,9,-4
1013.00,16,-19,-24
1013.00,-4,-1,16
1013.00,-28,23,60
1013.00,-6,-10,46
1013.00,-8,-35,48
1013.00,-16,-27,41
1013.00,1,-53,0
1013.00,22,-6,7
1013.00,28,8,73
1013.00,24,14,54
1013.00,32,3,62
1013.00,20,14,61
1013.00,20,3,-16
1013.00,3,-10,-38
1013.00,-45,22,-6
1013.00,-35,-6,-50
1013.00,-26,-7,-20
1013.00,-23,-1,-11
1013.00,-4,-22,-41
1013.00,10,-2,-52
1013.00,21,25,-13
1013.00,6,2,-13
1013.00,42,-1,30
1012.99,32,4,57
1012.99,6,-2,11
1012.99,9,-24,14
1012.99,-9,-4,17
1012.99,-10,-10,27
1012.99,23,-43,31
1012.99,22,-52,53
1012.96,24,-57,-20
1012.96,2,-5,-23
1012.96,-17,16,-10
1012.96,-10,8,-66
1012.96,-9,3,-55
1012.96,9,-8,-40
1012.96,-9,-47,3
1012.96,-8,-13,22
1012.96,4,-15,37
1012.96,2,-6,6
1012.96,-10,27,-39
1012.96,-4,11,-22
1012.96,0,-34,-49
1012.95,10,2,-19
1012.95,-1,23,23
1012.95,23,14,-5
1012.95,26,9,-10
1012.95,-4,-18,9
1012.95,-1,-27,-14
1012.95,-7,-15,40
1012.96,-6,-3,16
1012.96,45,9,-15
1012.96,-23,-7,44
1012.96,4,-19,35
1012.96,-13,-16,72
1012.96,-12,-15,43
1012.95,6,-6,43
1012.95,-1,-33,26
1012.95,2,24,-17
1012.95,-5,63,22
1012.95,5,25,27
1012.95,10,22,23
1012.95,13,-9,23
1012.95,27,-33,-42
1012.95,-18,23,-22
1012.95,-23,20,-22
1012.95,8,15,-33
1012.95,8,-7,-34
1012.95,2,-10,-42
1012.95,20,-40,-39
1012.95,-10,-41,-69
1012.95,-14,-6,-33
1012.95,3,-17,-50
1012.95,4,15,-8
1012.95,4,18,7
1012.95,-12,-30,-25
1012.92,2,-11,-26
1012.92,3,4,4
1012.92,-3,-9,-37
1012.92,28,30,31
1012.92,0,37,28
1012.92,9,-22,24
1012.92,-11,2,22
1012.93,-16,11,38
1012.93,3,5,70
1012.93,22,0,68
1012.93,-16,32,89
1012.93,-5,-29,75
1012.93,-10,-3,30
1012.92,3,3,21
1012.92,12,-9,6
1012.92,11,-21,-37
1012.92,0,6,-17
1012.92,9,-18,-6
1012.92,33,-4,-2
1012.92,4,-7,-54
1012.88,15,-14,-27
1012.88,6,34,-42
1012.88,-23,17,-75
1012.88,8,1,-19
1012.88,6,10,-13
1012.88,3,4,-21
1012.88,4,-32,-9
1012.88,-2,-7,-65
1012.88,-35,56,-61
1012.88,-11,-30,-38
1012.88,13,-27,13
1012.88,16,-37,-27
1012.88,9,-2,-35
1012.89,-10,18,18
1012.89,-1,17,-38
1012.89,6,-17,-14
1012.89,9,-7,47
1012.89,21,-41,19
1012.89,-2,-15,72
1012.89,2,-7,84
1012.89,-5,24,43
1012.89,-25,28,36
1012.89,7,17,46
1012.89,-5,-31,110
1012.89,24,4,126
1012.89,19,-3,51
1012.89,-9,24,65
1012.89,3,31,43
1012.89,10,-10,-30
1012.89,-14,-7,1
1012.89,8,-16,43
1012.89,25,-11,-20
1012.89,23,-1,-23
1012.89,-8,-1,26
1012.89,9,-51,-31
1012.89,-1,25,-40
1012.89,7,15,-51
1012.89,14,-5,-23
1012.89,-1,-3,8
1012.88,-10,-5,-64
1012.88,-23,8,-40
1012.88,11,36,-11
1012.88,10,8,-87
1012.88,4,-10,-55
1012.88,-7,2,-49
1012.88,-1,15,-44
1012.85,-23,12,1
1012.85,15,25,-33
1012.85,35,36,-56
1012.85,-19,39,17
1012.85,1,-77,-29
1012.85,-19,-20,39
1012.85,-5,36,64
1012.85,8,12,28
1012.85,-19,28,33
1012.85,5,7,37
1012.85,9,-55,10
1012.85,-17,-18,26
1012.85,2,-24,48
1012.85,12,-2,45
1012.85,16,38,77
1012.85,-2,2,10
1012.85,-32,-17,-23
1012.85,-18,-7,-3
1012.85,4,-29,-30
1012.85,12,10,1
1012.85,3,14,-14
1012.85,-12,39,-6
1012.85,5,24,2
1012.85,-9,-15,-31
1012.85,-11,-23,2
1012.85,39,-22,-24
1012.83,15,2,-59
1012.83,10,70,30
1012.83,3,27,-11
1012.83,16,-22,-10
1012.83,11,-35,27
1012.83,16,-10,-37
1012.83,30,22,-15
1012.83,-5,35,25
1012.83,-24,-8,36
1012.83,0,-11,47
1012.83,3,-7,29
1012.83,17,-14,-20
1012.83,-12,-3,-7
1012.83,-15,19,17
1012.83,-15,15,18
1012.83,7,-2,79
1012.83,21,-9,38
1012.83,14,-10,25
1012.83,-3,-13,14
1012.83,-26,-50,-15
1012.81,-16,-37,-3
1012.81,23,25,-11
1012.81,26,56,1
1012.81,16,0,43
1012.81,6,-42,16
1012.81,1,-24,4
1012.81,-21,-10,-36
1012.81,-17,0,-40
1012.81,29,35,-18
1012.81,31,55,16
1012.81,-3,-3,-3
1012.81,-5,-12,-15
1012.81,-22,4,-31
1012.81,-4,-21,19
1012.81,15,-10,49
1012.81,3,-15,-1
1012.81,-13,25,11
1012.81,6,36,10
1012.81,-22,6,-10
1012.81,11,-29,35
1012.81,21,-7,7
1012.81,-5,8,25
1012.81,16,-7,28
1012.81,5,17,2
1012.81,-24,-17,46
1012.81,-15,-15,-39
1012.81,9,23,-30
1012.79,40,32,-29
1012.79,8,8,8
1012.79,-1,-22,14
1012.79,6,3,-4
1012.79,0,-31,-27
1012.79,-15,2,-36
1012.79,-16,7,-79
1012.79,-22,5,-28
1012.79,-10,28,-30
1012.79,-8,49,-14
1012.79,16,-29,-23
1012.79,19,-16,-62
1012.79,-26,12,-50
1012.79,-25,38,3
1012.79,-30,9,14
1012.79,7,-19,-32
1012.79,58,-7,-5
1012.79,12,-6,7
1012.79,5,-16,23
1012.78,-13,11,39
1012.78,27,-9,2
1012.78,43,3,26
1012.78,29,-14,49
1012.78,-11,-23,56
1012.78,-22,18,19
1012.78,-5,13,-25
1012.78,-12,6,27
1012.78,1,14,29
1012.78,7,-12,29
1012.78,-12,8,80
1012.78,-11,19,59
1012.78,26,13,-21
1012.78,-15,35,-9
1012.75,-10,25,-1
1012.75,9,-30,-42
1012.75,9,-29,-16
1012.75,15,51,-11
1012.75,12,-4,-62
1012.75,-4,-11,-58
1012.75,-19,0,-58
1012.75,-3,-36,-71
1012.75,10,-8,-45
1012.75,-24,34,-40
1012.75,-4,12,-43
1012.75,10,0,-35
1012.75,9,-7,-50
1012.75,6,-33,-42
1012.75,15,-37,9
1012.75,9,-16,-5
1012.75,27,13,6
1012.75,18,24,11
1012.75,7,13,15
1012.74,14,-27,38
1012.74,-16,-5,23
1012.74,-33,24,62
1012.74,2,1,59
1012.74,4,17,35
1012.74,-38,-5,37
1012.74,3,-21,33
1012.74,0,-1,20
1012.74,-31,32,29
1012.74,-8,-11,12
1012.74,11,16,-31
1012.74,-4,-10,-65
1012.74,-12,-6,43
1012.74,7,32,74
1012.74,25,-15,-18
1012.74,9,-16,-13
1012.74,-32,1,33
1012.74,-15,-17,3
1012.74,9,10,8
1012.74,5,47,3
1012.71,25,3,-9
1012.71,29,-22,-39
1012.71,-9,-25,-41
1012.71,4,-34,-50
1012.71,-7,10,-5
1012.71,5,17,-16
1012.71,19,0,-36
1012.71,-23,-2,-20
1012.71,-16,-4,-41
1012.71,-10,-20,-12
1012.71,-1,-19,10
1012.71,19,15,-10
1012.71,13,-20,23
1012.69,-9,-14,47
1012.69,16,2,-11
1012.69,-5,-2,46
1012.69,-2,10,45
1012.69,0,20,38
1012.69,-2,3,113
1012.69,-10,-21,70
1012.69,6,-36,19
1012.69,7,-33,-7
1012.69,-9,21,-32
1012.69,-25,39,-21
1012.69,-11,14,-8
1012.69,-42,22,1
1012.69,36,-20,-20
1012.69,48,-41,23
1012.69,6,-17,24
1012.69,24,-1,44
1012.69,2,-16,33
1012.69,14,14,-35
1012.69,18,11,25
1012.67,-5,-44,68
1012.67,17,-13,42
1012.67,14,16,13
1012.67,0,8,6
1012.67,-16,6,-11
1012.67,5,-21,-36
1012.67,44,7,-20
1012.67,25,21,13
1012.67,0,17,-1
1012.67,23,-21,-18
1012.67,-15,3,-37
1012.67,-10,-29,-28
1012.67,-11,-19,-25
1012.65,-30,43,-8
1012.65,-21,19,-9
1012.65,-36,16,-29
1012.65,-38,35,6
1012.65,-7,31,-14
1012.65,-18,6,41
1012.65,5,-35,76
1012.65,17,-10,58
1012.51,7,3,49
1012.51,-13,19,42
1012.51,-11,27,63
1012.51,-7,16,67
1012.51,-7,-9,63
1012.51,3,-29,33
1012.51,-4,0,-13
1012.51,8,23,29
1012.51,-1,5,60
1012.51,16,-7,11
1012.49,-2,19,1
1012.49,1,0,-57
1012.49,11,5,-56
1012.49,-2,30,-7
1012.49,-17,43,-31
1012.49,1,21,-27
1012.49,3,25,-24
1012.49,11,30,-50
1012.49,12,-19,-8
1012.49,-22,3,-18
1012.49,-6,-4,-16
1012.49,-4,-10,-11
1012.49,-1,-18,-18
1012.49,27,-24,-18
1012.49,0,-22,15
1012.49,10,-43,-17
1012.49,-6,0,-5
1012.49,4,9,-4
1012.49,0,-28,-17
1012.49,25,-15,30
1012.49,39,-17,45
1012.49,-7,-12,-11
1012.49,4,31,-17
1012.49,-4,36,7
1012.49,-15,-14,16
1012.49,14,-30,16
1012.49,28,7,44
1012.49,-4,18,45
1012.49,-17,8,-5
1012.49,-3,32,10
1012.49,-23,-8,4
1012.49,12,-1,15
1012.49,3,8,35
1012.49,8,0,21
1012.49,-3,11,-28
1012.49,11,9,14
1012.49,-2,16,6
1012.49,11,-4,-16
1012.49,-2,0,12
1012.46,26,0,-7
1012.46,5,34,0
1012.46,-9,28,25
1012.46,-14,-35,-18
1012.46,15,-37,-46
1012.46,12,29,6
1012.46,-18,5,10
1012.46,24,11,4
1012.46,38,19,28
1012.46,19,-10,-25
1012.46,30,7,10
1012.46,18,22,-14
1012.46,5,2,-17
1012.46,-5,6,-22
1012.46,0,21,-47
1012.46,15,25,15
1012.46,-13,25,29
1012.46,-20,-12,23
1012.46,-32,-17,17
1012.46,-19,0,-20
1012.46,-15,1,-11
1012.46,3,-12,41
1012.46,15,-25,9
1012.46,8,-3,-18
1012.46,-25,13,8
1012.46,-19,-42,-33
1012.46,24,-18,8
1012.44,13,3,8
1012.44,28,7,-13
1012.44,26,57,1
1012.44,12,-5,-34
1012.44,33,-33,-42
1012.44,36,1,-11
1012.44,10,4,-15
1012.44,-4,-5,-38
1012.44,-10,28,-19
1012.44,-35,5,3
1012.44,-38,-15,0
1012.44,-4,-9,6
1012.44,-25,1,6
1012.44,-25,-15,-20
1012.44,-20,12,6
1012.44,1,25,6
1012.44,0,0,-19
1012.44,32,-31,-28
1012.44,35,-41,-11
1012.42,20,-14,11
1012.42,32,-16,16
1012.42,1,20,18
1012.42,-5,-11,-1
1012.42,-21,-9,-6
1012.42,-18,8,-26
1012.42,-31,25,-32
1012.42,-21,42,-2
1012.42,-29,16,23
1012.42,6,-1,0
1012.42,21,12,-15
1012.42,11,18,-7
1012.42,15,-9,-10
1012.40,-8,-4,4
1012.40,-6,11,-12
1012.40,-1,0,34
1012.40,-5,1,49
1012.40,10,-3,31
1012.40,-18,-25,33
1012.40,-16,-9,-28
1012.40,-24,3,-41
1012.40,-6,-3,-9
1012.40,7,-16,-17
1012.40,3,-24,19
1012.40,23,-26,6
1012.40,-9,-30,-48
1012.40,23,3,-23
1012.39,4,17,-51
1012.39,26,19,-22
1012.39,16,9,11
1012.39,-23,-15,-23
1012.39,-35,5,-49
1012.39,-10,44,-10
1012.39,-17,36,3
1012.39,1,-15,-48
1012.39,11,-9,-24
1012.39,-3,-1,15
1012.39,-2,-14,10
1012.39,-2,-26,23
1012.39,20,-22,32
1012.36,-17,-25,-23
1012.36,12,23,6
1012.36,-7,0,57
1012.36,28,-5,59
1012.36,32,0,75
1012.36,7,3,51
1012.36,-7,-6,-13
1012.36,-11,16,14
1012.36,-42,10,9
1012.36,-3,6,16
1012.36,7,15,30
1012.36,-6,-14,-24
1012.36,-14,-4,1
1012.39,-21,5,0
1012.39,0,17,-7
1012.39,11,-19,-17
1012.39,-6,-17,-19
1012.39,0,5,-32
1012.39,-2,-15,0
1012.39,-2,5,-7
1012.36,27,1,-15
1012.36,14,4,-28
1012.36,-3,-31,-63
1012.36,7,0,7
1012.36,-8,7,-8
1012.36,3,19,44
1012.35,-5,8,25
1012.35,-36,10,-55
1012.35,-23,-5,-11
1012.35,15,-10,23
1012.35,6,-21,4
1012.35,31,13,4
1012.35,15,27,16
1012.35,-9,-4,-10
1012.35,-16,-20,0
1012.35,13,-26,17
1012.35,-3,4,7
1012.35,26,16,10
1012.35,12,25,-11
1012.35,-11,2,-3
1012.35,-5,-20,-14
1012.35,-6,-17,4
1012.35,-5,-11,40
1012.35,-8,19,21
1012.35,-12,22,29
1012.35,-4,6,35
1012.32,4,-3,14
1012.32,20,-4,-3
1012.32,7,-24,19
1012.32,3,-13,8
1012.32,-15,12,-4
1012.32,-16,0,-8
1012.32,-3,12,-42
1012.32,9,-24,-23
1012.32,30,-8,-36
1012.32,6,38,-31
1012.32,-1,12,-37
1012.32,24,4,-34
1012.32,-2,-22,-14
1012.32,5,-15,-18
1012.32,4,40,1
1012.32,-26,20,1
1012.32,-42,8,-21
1012.32,1,-16,13
1012.32,-10,-17,6
1012.32,10,6,-9
1012.31,-8,20,33
1012.31,18,-12,45
1012.31,6,-33,-6
1012.31,-14,-5,25
1012.31,24,-4,39
1012.31,16,-13,10
1012.31,10,35,24
1012.31,4,12,35
1012.31,-14,-22,17
1012.31,-6,-3,24
1012.31,-23,7,17
1012.31,-17,-9,14
1012.31,-23,11,-1
1012.31,-16,18,9
1012.31,-6,5,-10
1012.31,26,15,-18
1012.31,7,15,-39
1012.31,-1,-6,-52
1012.31,6,15,1
1012.31,-1,-8,39
1012.28,-2,-12,14
1012.28,8,2,-1
1012.28,-7,-11,-20
1012.28,-21,-17,-41
1012.28,-11,0,-25
1012.28,2,12,8
1012.28,-4,18,16
1012.28,4,-22,-23
1012.28,5,0,-23
1012.28,-9,11,-19
1012.28,6,34,31
1012.28,11,19,25
1012.28,-7,9,3
1012.28,4,14,20
1012.28,7,-17,38
1012.28,-11,4,4
1012.28,-5,16,-2
1012.28,-6,21,-22
1012.28,-20,17,4
1012.28,-15,6,4
1012.26,-1,-15,16
1012.26,4,32,-13
1012.26,-4,40,-23
1012.26,-9,12,-6
1012.26,-13,-8,-22
1012.26,-11,-24,2
1012.26,20,-27,18
1012.26,-1,-5,22
1012.26,-3,1,12
1012.26,2,-4,12
1012.26,-28,-3,7
1012.26,1,-12,-6
1012.26,6,-8,-2
1012.26,4,0,-48
1012.26,-3,46,-34
1012.26,-7,17,-2
1012.26,-31,11,-41
1012.26,-11,6,-38
1012.26,4,-28,-34
1012.24,-18,-12,-16
1012.24,4,10,21
1012.24,-15,23,22
1012.24,-12,19,-5
1012.24,10,-14,-8
1012.24,14,-31,6
1012.24,6,-15,-18
1012.24,11,28,4
1012.24,9,47,-1
1012.24,-8,19,-12
1012.24,10,-6,12
1012.24,14,-58,3
1012.24,5,-33,-12
1012.24,-15,50,-6
1012.24,-6,25,35
1012.24,-6,-10,43
1012.24,-13,-17,56
1012.24,-2,-31,49
1012.24,6,-1,-29
1012.24,-24,25,7
1012.24,-34,15,29
1012.24,-28,-6,2
1012.24,-40,-6,40
1012.24,8,-11,28
1012.24,9,-3,-36
1012.24,35,14,-50
1012.24,21,-2,3
1012.22,2,-9,0
1012.22,22,12,4
1012.22,9,13,19
1012.22,5,11,-23
1012.22,7,20,14
1012.22,-12,-3,49
1012.21,-20,-25,9
1012.21,-23,-33,-12
1012.21,-16,-13,-13
1012.21,-21,27,-1
1012.21,10,-16,4
1012.21,-3,-9,11
1012.21,-26,-12,-76
1012.21,-7,4,-18
1012.21,28,21,6
1012.21,36,-12,6
1012.21,25,0,15
1012.21,9,31,-2
1012.21,5,1,-41
1012.21,-4,13,-10
1012.21,7,16,35
1012.21,24,2,34
1012.21,11,28,4
1012.21,-25,14,-27
1012.21,-21,-14,1
1012.21,-30,-21,35
1012.21,-1,-26,35
1012.21,4,-18,17
1012.21,3,-7,9
1012.21,7,4,4
1012.21,-10,-23,20
1012.21,-3,-10,12
1012.18,-3,7,-23
1012.18,8,-6,8
1012.18,21,-29,-17
1012.18,-9,-28,-39
1012.18,15,6,-27
1012.18,-3,19,2
1012.18,-19,40,-10
1012.18,7,39,3
1012.18,33,24,0
1012.18,-31,-5,-34
1012.18,-7,8,-17
1012.18,-40,24,34
1012.18,-16,16,-33
1012.18,-10,22,-14
1012.18,-19,18,23
1012.18,-18,-21,-20
1012.18,-6,-26,-49
1012.18,-25,-4,-37
1012.18,-2,4,-23
1012.18,27,17,1
1012.17,9,12,30
1012.17,1,-14,-19
1012.17,-25,-31,-12
1012.17,-2,-13,34
1012.17,-5,-11,58
1012.17,-5,-2,30
1012.17,7,5,-2
1012.17,-8,19,-10
1012.17,-5,-34,25
1012.17,-13,-24,40
1012.17,12,-37,28
1012.17,7,5,-16
1012.17,-2,35,6
1012.17,-5,6,16
1012.17,31,-6,-6
1012.17,-7,17,28
1012.17,0,2,40
1012.17,-2,0,-3
1012.17,-4,4,-15
1012.17,-19,2,20
1012.17,20,-13,14
1012.17,5,16,-17
1012.17,-11,6,-20
1012.17,17,-20,-28
1012.17,-11,-24,-65
1012.17,-21,-15,-9
1012.17,-1,-28,-5
1012.14,-3,36,-60
1012.14,0,25,-13
1012.14,6,-22,3
1012.14,-34,-26,-77
1012.14,-37,4,-29
1012.14,7,15,54
1012.13,8,6,4
1012.13,-2,24,36
1012.13,2,12,57
1012.13,-8,-2,-13
1012.13,1,7,11
1012.13,-1,-7,27
1012.13,22,-5,48
1012.13,-5,2,37
1012.13,7,-24,45
1012.13,-10,-16,-23
1012.13,-6,-13,-17
1012.13,-1,-36,39
1012.13,-2,-28,-10
1012.13,4,-3,31
1012.13,32,-7,40
1012.13,33,-24,-39
1012.13,10,-7,-43
1012.13,15,-24,16
1012.13,-19,-29,-46
1012.13,-24,37,-7
1012.13,4,19,3
1012.13,0,8,-42
1012.13,-12,36,-8
1012.13,-31,-1,62
1012.13,-39,-5,12
1012.13,-15,19,0
1012.13,-25,-4,8
1012.10,-26,6,-13
1012.10,-52,4,3
1012.10,-13,-36,59
1012.10,-23,-27,-30
1012.10,-60,-20,-34
1012.10,1,-24,-9
1012.10,-16,-31,-51
1012.10,6,-20,99
1012.10,48,-56,93
1012.10,-32,-19,36
1012.10,-20,25,18
1012.10,40,15,-19
1012.10,-3,4,-43
1012.10,73,1,-27
1012.10,58,10,43
1012.10,9,37,13
1012.10,-22,37,16
1012.10,5,2,-18
1012.10,-6,35,-63
1012.10,-4,31,12
1012.10,19,13,8
1012.10,-6,23,27
1012.10,-46,-8,11
1012.10,-30,-31,-13
1012.10,-52,-12,-88
1012.10,-36,-28,-11
1012.10,15,-24,12
1012.10,-8,-8,-40
1012.10,-25,-14,20
1012.10,11,-44,-64
1012.10,-41,-2,-82
1012.10,-2,11,24
1012.10,48,1,29
1012.10,18,25,-14
1012.10,26,35,-2
1012.10,19,3,3
1012.10,21,21,-26
1012.10,18,42,19
1012.10,56,14,53
1012.07,45,3,-22
1012.07,32,-21,-26
1012.07,1,-9,11
1012.07,-21,-3,17
1012.07,-26,-14,37
1012.07,-8,22,41
1012.07,-22,11,-28
1012.07,-25,-8,24
1012.07,2,-56,76
1012.07,4,-18,19
1012.07,-11,18,19
1012.07,36,25,62
1012.07,21,21,-14
1012.07,24,-25,-14
1012.07,6,-13,30
1012.07,1,-1,-13
1012.07,14,56,26
1012.07,24,31,23
1012.07,15,5,8
1012.07,-29,-14,-29
1012.06,-17,5,16
1012.06,-16,7,26
1012.06,-18,-4,23
1012.06,-11,-6,59
1012.06,-26,-22,-30
1012.06,-36,-16,-71
1012.06,-42,2,-46
1012.06,-35,-8,-49
1012.06,-31,4,-12
1012.06,-10,-8,23
1012.06,-19,25,-59
1012.06,-21,17,-69
1012.06,-1,6,-26
1012.06,9,-26,-6
1012.06,6,-29,-19
1012.06,25,3,3
1012.06,0,24,-26
1012.06,-13,27,-33
1012.06,4,5,1
1012.03,2,-36,23
1012.03,16,-30,20
1012.03,29,-18,10
1012.03,-4,0,-50
1012.03,-16,-2,22
1012.03,18,-18,17
1012.03,11,1,27
1012.03,17,25,-39
1012.03,13,15,1
1012.03,-16,-10,0
1012.03,-14,-32,-13
1012.03,-17,-4,56
1012.03,-2,4,6
1012.03,29,57,-8
1012.03,1,51,24
1012.03,-4,-29,-12
1012.03,-17,-22,-22
1012.03,4,-26,2
1012.03,-1,32,17
1012.03,23,14,14
1012.03,14,-11,28
1012.03,-19,-38,-55
1012.03,-36,-32,-60
1012.03,-11,-3,-24
1012.03,-7,-6,-1
1012.03,16,-1,14
1012.03,9,-11,-2
1012.01,-30,-14,-26
1012.01,2,-35,-34
1012.01,-2,5,-9
1012.01,15,12,31
1012.01,16,14,32
1012.01,-3,11,12
1012.01,21,25,-12
1012.01,0,10,-13
1012.01,5,1,-5
1012.01,18,4,18
1012.01,1,-13,19
1012.01,2,20,27
1012.01,-9,-2,12
1012.01,-12,-15,6
1012.01,-6,-7,23
1012.01,-4,13,7
1012.01,4,3,-14
1012.01,13,5,-8
1012.01,12,21,1
1012.01,6,15,4
1012.00,1,1,11
1012.00,-3,-1,-13
1012.00,-22,25,-13
1012.00,-21,10,6
1012.00,-20,17,-12
1012.00,-8,14,-4
1012.00,-7,-8,-6
1012.00,50,-5,-12
1012.00,15,15,-20
1012.00,4,12,-22
1012.00,1,-13,-30
1012.00,13,-5,-2
1012.00,2,3,-4
1011.97,8,25,0
1011.97,3,23,18
1011.97,-29,-4,29
1011.97,-21,-40,22
1011.97,28,-51,3
1011.97,9,23,11
1011.97,-2,23,14
1011.97,-7,25,33
1011.97,-13,-3,7
1011.97,14,-7,12
1011.97,18,-22,25
1011.97,-13,-16,-9
1011.97,8,16,0
1012.03,10,13,4
1012.03,-6,14,8
1012.03,-19,18,-9
1012.03,17,-26,-19
1012.03,-29,1,-26
1012.03,-19,18,-26
1012.03,-5,10,-24
1012.03,4,-9,-37
1012.03,-13,15,-40
1012.03,-4,-20,-26
1012.03,1,-11,-1
1012.03,-1,11,1
1012.03,10,-1,33
1011.97,5,30,9
1011.97,4,18,-7
1011.97,17,-30,35
1011.97,-2,0,65
1011.97,-13,1,33
1011.97,-1,17,54
1011.97,-34,4,40
1011.96,-14,-5,22
1011.96,-11,-16,44
1011.96,-34,2,7
1011.96,-2,25,24
1011.96,13,4,58
1011.96,-6,-20,14
1011.96,-1,-33,17
1011.96,8,-38,6
1011.96,-2,12,-17
1011.96,12,19,3
1011.96,-3,30,-20
1011.96,-18,31,-29
1011.96,4,-23,-27
1011.93,1,-23,-17
1011.93,-8,-9,-41
1011.93,3,46,-40
1011.93,0,17,-31
1011.93,-7,1,-58
1011.93,-21,-33,-31
1011.93,11,-51,-27
1011.93,12,20,-62
1011.93,36,28,-31
1011.93,9,20,-7
1011.93,-11,-8,-18
1011.93,-12,-9,-3
1011.93,6,0,17
1011.92,-5,-11,-8
1011.92,5,0,51
1011.92,9,-9,14
1011.92,-45,8,-7
1011.92,-26,23,11
1011.92,-16,14,54
1011.92,16,-6,49
1011.92,26,-23,43
1011.92,27,-9,42
1011.92,-9,-5,-2
1011.92,-7,10,22
1011.92,2,35,35
1011.92,-3,22,4
1011.93,-9,-5,36
1011.93,-12,-29,20
1011.93,-26,6,-25
1011.93,-10,25,-20
1011.93,-2,21,28
1011.93,10,-7,0
1011.93,18,0,-9
1011.92,20,-25,-19
1011.92,-7,-10,-47
1011.92,4,1,-22
1011.92,22,3,-8
1011.92,22,6,4
1011.92,5,14,13
1011.92,-18,-15,9
1011.92,0,-16,-44
1011.92,-10,7,-14
1011.92,-3,16,15
1011.92,-17,44,-33
1011.92,-8,34,-11
1011.92,-12,-7,-19
1011.89,-49,-18,-60
1011.89,1,-22,-2
1011.89,18,-27,35
1011.89,11,14,-2
1011.89,39,35,-13
1011.89,10,1,2
1011.89,9,-15,-19
1011.89,11,7,37
1011.89,-6,21,42
1011.89,11,25,-11
1011.89,-7,35,85
1011.89,-33,7,11
1011.89,-53,-6,-9
1011.88,-30,-12,25
1011.88,-10,-17,-47
1011.88,7,13,-32
1011.88,10,-5,23
1011.88,7,-45,-56
1011.88,33,-17,-43
1011.88,48,-7,-39
1011.89,35,-10,-53
1011.89,60,-22,-14
1011.89,28,-1,8
1011.89,12,10,-8
1011.89,3,38,6
1011.89,-1,43,25
1011.88,-5,25,6
1011.88,-11,16,17
1011.88,-35,8,19
1011.88,-31,-6,-32
1011.88,-52,-5,-6
1011.88,-33,4,0
1011.88,16,7,-25
1011.88,4,-4,-15
1011.88,11,-54,-34
1011.88,5,-44,-49
1011.88,35,-32,-29
1011.88,40,-8,12
1011.88,46,8,2
1011.88,41,18,43
1011.85,-7,-10,18
1011.85,-1,12,10
1011.85,-28,5,58
1011.85,-24,-18,58
1011.85,-30,9,55
1011.85,-5,21,21
1011.85,-10,24,16
1011.85,-15,1,4
1011.85,0,-15,-13
1011.85,19,-15,-3
1011.85,14,-15,-4
1011.85,16,9,-28
1011.85,31,12,14
1011.83,0,-24,17
1011.83,-5,8,-15
1011.83,3,-19,21
1011.83,-23,9,-35
1011.83,-32,17,-12
1011.83,-18,-14,32
1011.83,0,-2,0
1011.83,20,7,-35
1011.83,40,-14,11
1011.83,24,-13,-26
1011.83,5,0,-8
1011.83,17,30,23
1011.83,14,40,15
1011.83,-4,4,44
1011.83,-2,-27,48
1011.83,-23,-23,43
1011.83,-28,-38,52
1011.83,-26,-33,-2
1011.83,-13,0,11
1011.83,48,-2,-10
1011.83,14,-4,-49
1011.83,21,19,-20
1011.83,48,-3,-20
1011.83,22,-5,-29
1011.83,18,15,-25
1011.83,-5,27,19
1011.83,6,19,53
1011.83,-12,24,4
1011.83,-30,27,-3
1011.83,-21,6,-12
1011.83,0,-9,-19
1011.83,13,-21,0
1011.83,28,-2,-8
1011.82,55,18,6
1011.82,38,17,-47
1011.82,-17,3,-21
1011.82,-17,-28,-23
1011.82,11,-13,-22
1011.82,-6,-6,-21
1011.79,17,9,2
1011.79,3,-5,8
1011.79,-20,-12,-2
1011.79,14,5,34
1011.79,32,-23,7
1011.79,7,16,-10
1011.79,19,11,14
1011.79,15,-29,-13
1011.79,-44,32,-20
1011.79,-16,24,-33
1011.79,24,-27,1
1011.79,11,-4,-19
1011.79,-20,-6,23
1011.79,0,-18,20
1011.79,20,5,-21
1011.79,29,6,23
1011.79,23,-31,-3
1011.79,15,7,-31
1011.79,3,8,-19
1011.79,-17,-1,-21
1011.78,6,17,22
1011.78,37,5,-8
1011.78,17,-24,-12
1011.78,-9,-22,15
1011.78,21,32,6
1011.78,23,9,-20
1011.78,-2,12,0
1011.78,6,1,19
1011.78,13,12,40
1011.78,-7,20,2
1011.78,-10,14,-12
1011.78,9,-4,-22
1011.78,-17,-30,-35
1011.75,-5,-24,-17
1011.75,30,-19,15
1011.75,-6,41,-27
1011.75,26,21,-9
1011.75,2,-11,-13
1011.75,-13,-7,34
1011.75,13,-10,31
1011.75,10,19,-43
1011.75,-4,41,34
1011.75,3,-27,41
1011.75,-4,-40,-6
1011.75,-9,-4,18
1011.75,5,-33,35
1011.75,17,13,-23
1011.75,0,-1,74
1011.75,-11,-43,60
1011.75,33,-6,-45
1011.75,17,30,-7
1011.75,1,17,-7
1011.75,-4,-9,-31
1011.75,-20,-5,16
1011.75,13,-10,-4
1011.75,48,0,-16
1011.75,5,9,17
1011.75,18,-8,19
1011.75,12,-19,-9
1011.75,5,1,38
1011.74,13,3,25
1011.74,-7,-6,12
1011.74,-10,-19,-1
1011.74,-3,-39,7
1011.74,-13,8,18
1011.74,-1,33,9
1011.74,21,-1,-4
1011.74,-1,-37,-16
1011.74,17,-43,-13
1011.74,49,-11,17
1011.74,12,25,-41
1011.74,-20,19,-8
1011.74,-1,-22,-31
1011.74,11,-28,-47
1011.74,2,-15,13
1011.74,15,-19,15
1011.74,21,27,-12
1011.74,6,15,0
1011.74,-1,-33,-8
1011.74,-4,-2,7
1011.74,5,21,24
1011.74,30,1,-6
1011.74,22,6,-19
1011.74,-22,-5,59
1011.74,4,-16,37
1011.74,8,1,-7
1011.74,13,6,37
1011.74,22,-2,17
1011.74,8,5,11
1011.74,-3,7,37
1011.74,19,2,10
1011.74,15,1,-38
1011.74,-8,-1,-24
1011.78,-2,-21,-44
1011.78,0,-7,-41
1011.78,0,-2,-1
1011.78,5,-6,-51
1011.78,-3,1,-18
1011.78,19,21,-5
1011.78,24,-4,-59
1011.78,-17,14,-7
1011.78,-14,2,-8
1011.78,26,-25,-4
1011.78,10,-7,-3
1011.78,9,-3,9
1011.78,15,-21,30
1011.69,-8,-25,16
1011.69,-12,-7,38
1011.69,12,-26,-20
1011.69,-23,-1,-16
1011.69,-9,25,42
1011.69,14,-5,12
1011.69,1,24,-30
1011.69,5,6,2
1011.69,7,-23,-3
1011.69,-8,-4,3
1011.69,18,17,31
1011.69,25,16,7
1011.69,31,-4,-5
1011.68,15,8,37
1011.68,9,-19,14
1011.68,8,7,0
1011.68,-5,17,24
1011.68,14,-8,-2
1011.68,0,25,-29
1011.68,-16,-2,-16
1011.68,-9,-7,-17
1011.68,-12,3,-31
1011.68,13,-19,-1
1011.68,7,-16,-21
1011.68,7,-8,15
1011.68,1,13,11
1011.65,7,-10,-4
1011.65,13,9,-15
1011.65,-6,15,-5
1011.65,12,-11,-7
1011.65,20,5,-14
1011.65,4,-2,12
1011.65,7,-24,-1
1011.65,40,14,-24
1011.65,30,25,19
1011.65,9,-9,-6
1011.65,-13,-11,0
1011.65,-2,4,-20
1011.65,8,18,-11
1011.65,1,0,-14
1011.64,0,-22,-5
1011.64,-29,-11,24
1011.64,-18,-4,-15
1011.64,9,7,-55
1011.64,-17,19,-21
1011.64,8,0,7
1011.65,24,-3,-3
1011.65,13,19,-1
1011.65,-14,6,1
1011.65,1,-3,23
1011.65,-5,-12,48
1011.65,-1,-9,20
1011.65,11,0,31
1011.64,45,13,47
1011.64,29,10,26
1011.64,27,-11,17
1011.64,-5,-20,-13
1011.64,-7,-12,-17
1011.64,6,-12,4
1011.56,8,-3,-20
1011.56,-19,-7,-21
1011.56,-6,-6,17
1011.56,-9,-28,8
1011.56,9,-29,-39
1011.56,14,14,-62
1011.56,-5,-3,-42
1011.68,-7,-6,-6
1011.68,19,22,-17
1011.68,-1,24,28
1011.68,32,-22,-31
1011.68,7,31,-5
1011.68,1,-10,56
1011.68,9,-12,-15
1011.68,-3,19,-17
1011.68,2,17,42
1011.68,27,-14,28
1011.68,-13,-24,17
1011.68,-3,-34,10
1011.68,0,-32,-33
1011.54,-11,17,-23
1011.54,-5,25,22
1011.54,-10,-24,27
1011.54,10,-24,-13
1011.54,12,-10,-12
1011.54,14,24,-17
1011.54,19,6,-3
1011.65,3,6,44
1011.65,23,-4,35
1011.65,33,10,10
1011.65,18,39,7
1011.65,10,27,-22
1011.65,12,7,32
1011.65,9,-24,34
1011.51,9,-8,-4
1011.51,17,28,-3
1011.51,13,9,-8
1011.51,-4,-31,-5
1011.51,20,-7,-4
1011.51,1,-16,3
1011.51,19,-28,-21
1011.51,13,0,7
1011.51,-28,-14,42
1011.51,-28,-5,-42
1011.51,6,3,-2
1011.51,-33,15,18
1011.51,-1,-11,-26
1011.50,16,-27,11
1011.50,-12,0,0
1011.50,2,34,-2
1011.50,-2,17,34
1011.50,2,-5,28
1011.50,-12,-4,-21
1011.50,-9,-13,15
1011.50,-10,-6,40
1011.50,-25,-13,-28
1011.50,15,12,26
1011.50,-14,-1,4
1011.50,-13,-36,-41
1011.50,19,1,-13
1011.47,26,6,-4
1011.47,-2,-4,-45
1011.47,26,6,-7
1011.47,-3,0,19
1011.47,11,-22,-3
1011.47,-1,2,15
1011.47,1,-3,12
1011.47,13,-1,-9
1011.47,3,11,9
1011.47,7,-4,35
1011.47,18,-12,17
1011.47,2,25,-6
1011.47,25,16,3
1011.47,-9,-16,4
1011.47,-13,-19,-25
1011.47,11,-19,7
1011.47,9,12,10
1011.47,25,12,19
1011.47,22,-15,-6
1011.47,18,-17,-23
1011.47,20,-7,-8
1011.47,12,-14,-22
1011.47,37,4,7
1011.47,50,0,19
1011.47,10,1,-51
1011.47,10,11,-25
1011.46,21,17,32
1011.46,5,2,-3
1011.46,-10,-18,35
1011.46,35,-29,80
1011.46,2,-18,18
1011.46,-9,-2,-2
1011.46,-16,-7,-17
1011.46,-14,-22,-19
1011.46,8,-13,33
1011.46,-1,-40,36
1011.46,11,-38,-35
1011.46,32,13,-32
1011.46,0,-12,-55
1011.46,-17,-20,-65
1011.51,-9,7,-18
1011.51,3,-12,-14
1011.51,-13,-36,-4
1011.51,26,-18,-8
1011.51,17,19,-25
1011.51,25,7,-27
1011.43,15,-12,8
1011.43,13,-7,44
1011.43,10,-1,13
1011.43,-1,18,29
1011.43,7,13,52
1011.43,25,0,51
1011.43,33,7,26
1011.43,5,6,50
1011.43,9,-2,27
1011.43,-18,-7,4
1011.43,-1,-15,44
1011.43,4,-20,34
1011.43,6,-7,7
1011.43,-4,-15,30
1011.43,-4,-58,-6
1011.43,-12,-32,-3
1011.43,27,-31,13
1011.43,0,7,-50
1011.43,2,40,-13
1011.43,7,30,14
1011.42,5,-11,-65
1011.42,-5,8,-67
1011.42,17,35,-61
1011.42,-16,29,-79
1011.42,-8,25,-36
1011.42,-17,16,-30
1011.42,-6,-10,-60
1011.42,5,-5,-43
1011.42,-26,-23,-48
1011.42,-8,-5,-20
1011.42,-10,-16,-13
1011.42,-7,-13,-10
1011.42,-10,-3,-1
1011.42,14,-13,-1
1011.42,17,10,11
1011.42,28,-27,-10
1011.42,60,-21,-10
1011.42,79,3,-2
1011.42,68,-9,39
1011.42,37,3,46
1011.39,26,25,58
1011.39,27,-2,49
1011.39,14,-15,22
1011.39,-7,20,38
1011.39,-9,1,70
1011.39,-35,-9,84
1011.42,-15,-20,20
1011.42,-24,9,56
1011.42,-53,-14,15
1011.42,-47,-23,-15
1011.42,-25,-17,39
1011.42,-20,-27,17
1011.42,7,-10,-12
1011.46,-16,14,-5
1011.46,-5,23,-51
1011.46,-28,20,-40
1011.46,-13,-1,-32
1011.46,-3,8,-37
1011.46,8,-10,-14
1011.46,21,12,-39
1011.46,37,6,-51
1011.46,31,7,-30
1011.46,17,-24,-38
1011.46,35,-39,-46
1011.46,17,-6,1
1011.46,27,12,17
1011.39,13,-2,36
1011.39,22,11,2
1011.39,3,24,-19
1011.39,-1,-25,13
1011.39,-21,-33,42
1011.39,-8,4,43
1011.39,-24,13,38
1011.38,-28,14,8
1011.38,30,-1,-3
1011.38,5,-29,16
1011.38,11,-34,-4
1011.38,18,17,-1
1011.38,21,-13,33
1011.38,11,18,23
1011.38,18,13,23
1011.38,3,15,6
1011.38,16,-4,25
1011.38,6,-11,27
1011.38,-1,-5,60
1011.38,1,-10,35
1011.38,-2,3,-1
1011.38,6,18,-13
1011.38,6,13,-15
1011.38,-11,13,23
1011.38,1,-27,-4
1011.38,-7,-65,-1
1011.38,15,-53,6
1011.42,19,-17,0
1011.42,21,-8,-2
1011.42,-13,3,-28
1011.42,21,13,10
1011.42,19,-18,-6
1011.42,-8,-19,-51
1011.42,40,-7,-13
1011.42,9,21,17
1011.42,-17,1,-17
1011.42,25,-19,3
1011.42,5,10,-1
1011.42,-5,-18,-27
1011.42,14,-10,4
1011.39,-13,-38,3
1011.39,-5,30,31
1011.39,22,20,29
1011.39,9,-22,7
1011.39,6,-23,14
1011.39,-10,-26,-1
1011.39,8,-9,27
1011.39,15,20,35
1011.39,2,4,8
1011.39,-4,-12,13
1011.39,13,-22,-21
1011.39,-3,6,-8
1011.39,-6,-24,-42
1011.39,-17,-5,3
1011.39,9,10,-24
1011.39,26,-18,-47
1011.39,13,-26,-7
1011.39,24,15,-45
1011.39,12,5,-38
1011.39,23,-8,-1
1011.38,-24,-2,-17
1011.38,-11,-7,-3
1011.38,14,-5,20
1011.38,14,19,-1
1011.38,-9,19,11
1011.38,-12,-10,22
1011.38,-17,-30,8
1011.38,-7,7,4
1011.38,6,2,14
1011.38,-3,6,-10
1011.38,20,18,13
1011.38,9,-24,56
1011.38,-7,-20,-24
1011.36,2,10,-8
1011.36,18,10,55
1011.36,-2,23,-28
1011.36,-2,11,29
1011.36,3,-12,15
1011.36,-1,6,-43
1011.36,24,27,-5
1011.36,20,-8,36
1011.36,11,-11,-57
1011.36,-9,35,16
1011.36,-20,25,-30
1011.36,-30,14,-67
1011.36,10,-10,4
1011.36,2,-63,1
1011.36,0,-23,-40
1011.36,2,38,-19
1011.36,-4,-10,-11
1011.36,27,8,0
1011.36,22,7,36
1011.33,7,10,-4
1011.33,-1,4,-43
1011.33,-34,35,6
1011.33,1,14,-9
1011.33,12,-3,9
1011.33,-15,-5,44
1011.33,4,-18,7
1011.28,-1,-17,-46
1011.28,2,2,10
1011.28,1,8,-18
1011.28,31,10,-19
1011.28,17,7,85
1011.28,3,-35,2
1011.28,15,-22,46
1011.33,23,-3,76
1011.33,-10,2,10
1011.33,3,7,21
1011.33,0,-5,44
1011.33,-19,-11,-16
1011.33,26,19,21
1011.28,-1,10,24
1011.28,-26,-38,-14
1011.28,6,-22,-28
1011.28,-10,-1,32
1011.28,8,24,-28
1011.28,30,25,-8
1011.28,-23,22,65
1011.32,-2,-24,-58
1011.32,-18,6,-50
1011.32,-23,0,-36
1011.32,-31,9,-67
1011.32,4,3,-22
1011.32,-6,21,-30
1011.32,-12,21,-93
1011.32,2,30,-44
1011.32,-13,-9,10
1011.32,-18,-44,-24
1011.32,46,-13,35
1011.32,40,21,87
1011.32,25,13,-22
1011.32,18,39,17
1011.32,-5,3,-2
1011.32,-30,-27,-51
1011.32,2,10,68
1011.32,-47,9,72
1011.32,-17,-12,46
1011.32,32,-25,66
1011.29,-21,-10,13
1011.29,-11,-20,34
1011.29,-2,-12,30
1011.29,-11,5,15
1011.29,-1,18,40
1011.29,17,-14,20
1011.25,-1,-6,4
1011.25,0,16,-35
1011.25,14,-11,-4
1011.25,1,-18,-14
1011.25,-6,-16,-32
1011.25,2,-1,-15
1011.25,18,-1,-47
1011.25,3,12,-99
1011.25,15,22,-6
1011.25,-2,-23,-6
1011.25,-8,-29,-44
1011.25,-5,4,42
1011.25,-9,-23,-23
1011.28,4,-4,23
1011.28,-5,-1,52
1011.28,23,-14,14
1011.28,26,15,-64
1011.28,9,22,-29
1011.28,19,-17,-69
1011.28,30,-19,-40
1011.28,25,20,-9
1011.28,-13,-4,-27
1011.28,6,-10,-65
1011.28,-15,-2,-1
1011.28,-14,1,47
1011.28,2,-12,19
1011.28,-18,0,64
1011.25,-28,15,42
1011.25,-13,19,8
1011.25,-17,24,35
1011.25,-35,-7,40
1011.25,-20,-7,17
1011.25,-7,22,31
1011.18,-20,52,-4
1011.18,1,28,1
1011.18,16,3,-5
1011.18,-10,-27,20
1011.18,25,-35,-17
1011.18,24,18,-64
1011.18,-3,32,4
1011.17,18,-24,26
1011.17,2,17,-54
1011.17,-9,2,-8
1011.17,-21,-34,-29
1011.17,-14,-19,-30
1011.17,13,30,10
1011.22,-4,8,2
1011.22,-10,17,-5
1011.22,16,29,41
1011.22,1,6,28
1011.22,-23,-20,-19
1011.22,-7,-3,-9
1011.22,15,-13,-19
1011.22,6,6,28
1011.22,5,32,36
1011.22,9,-2,19
1011.22,-10,-34,30
1011.22,4,21,-2
1011.22,-1,7,7
1011.22,-14,-9,-3
1011.17,18,-8,18
1011.17,7,22,6
1011.17,-28,25,-22
1011.17,-15,2,4
1011.17,9,-29,-2
1011.17,13,-39,0
1011.17,20,-19,-48
1011.17,26,24,-72
1011.17,19,50,-51
1011.17,9,19,-50
1011.17,15,22,-61
1011.17,13,6,-80
1011.17,9,4,-26
1011.22,29,2,-59
1011.22,-2,-11,-55
1011.22,33,-13,-50
1011.22,11,12,-48
1011.22,-2,-19,-64
1011.22,-7,-27,-102
1011.22,4,6,-148
1011.17,-46,10,-124
1011.17,-25,-19,-48
1011.17,-14,-17,-75
1011.17,12,14,-80
1011.17,19,-18,-125
1011.17,11,-29,-134
1011.15,-10,-6,-101
1011.15,22,3,-117
1011.15,12,30,-106
1011.15,16,11,-96
1011.15,6,-2,-83
1011.15,22,-12,-108
1011.15,-13,-22,-82
1011.18,-4,-5,-96
1011.18,22,22,-90
1011.18,13,-18,-92
1011.18,-25,-13,-156
1011.18,-21,-20,-172
1011.18,2,18,-167
1011.18,3,27,-113
1011.18,-1,-16,-119
1011.18,30,-17,-185
1011.18,17,-18,-153
1011.18,-18,-1,-179
1011.18,-12,15,-139
1011.18,28,-8,-147
1011.13,3,30,-172
1011.13,19,1,-178
1011.13,-2,10,-154
1011.13,-10,-16,-135
1011.13,23,-11,-126
1011.13,20,13,-139
1011.13,13,41,-151
1011.13,-4,-9,-145
1011.13,-5,-4,-139
1011.13,3,-16,-146
1011.13,-4,-20,-156
1011.13,12,-23,-178
1011.13,21,5,-206
1011.11,3,6,-182
1011.11,-9,-2,-191
1011.11,26,-17,-197
1011.11,21,4,-173
1011.11,11,-4,-250
1011.11,6,-8,-202
1011.11,-3,-7,-210
1011.11,9,-15,-208
1011.11,-23,-2,-177
1011.11,17,27,-190
1011.11,-14,8,-185
1011.11,-11,-17,-223
1011.11,-28,-21,-248
1011.17,-22,-12,-222
1011.17,-10,27,-185
1011.17,22,10,-225
1011.17,14,-2,-192
1011.17,21,-4,-201
1011.17,1,-13,-187
1011.17,13,-17,-227
1011.15,16,2,-205
1011.15,20,19,-184
1011.15,-6,8,-197
1011.15,8,-1,-178
1011.15,5,-8,-162
1011.15,-10,-2,-172
1011.15,-6,-8,-166
1011.13,0,13,-161
1011.13,-32,7,-187
1011.13,5,-8,-144
1011.13,-16,6,-186
1011.13,1,16,-201
1011.13,24,-6,-218
1011.13,25,-4,-198
1011.13,31,-7,-210
1011.13,7,5,-217
1011.13,1,13,-206
1011.13,3,11,-203
1011.13,6,4,-180
1011.13,3,-17,-218
1011.13,12,19,-208
1011.13,-1,23,-192
1011.13,-6,-5,-178
1011.13,-10,-6,-136
1011.13,6,-14,-150
1011.13,33,-4,-148
1011.11,-1,2,-171
1011.11,-18,0,-145
1011.11,-10,-29,-148
1011.11,-2,-14,-183
1011.11,16,-1,-159
1011.11,10,20,-202
1011.11,29,-9,-178
1011.11,10,-16,-148
1011.11,17,-11,-189
1011.11,4,8,-154
1011.11,8,0,-180
1011.11,24,-1,-194
1011.11,7,1,-163
1011.11,-5,6,-188
1011.04,-7,1,-188
1011.04,15,20,-163
1011.04,7,-4,-165
1011.04,13,-13,-203
1011.04,14,10,-189
1011.04,3,-7,-206
1011.11,-17,-6,-174
1011.11,5,-28,-167
1011.11,13,-18,-199
1011.11,19,-6,-183
1011.11,1,-6,-211
1011.11,3,-1,-209
1011.11,-9,-6,-181
1011.11,6,-33,-161
1011.11,34,-5,-171
1011.11,19,2,-170
1011.11,13,3,-159
1011.11,-1,-20,-201
1011.11,5,16,-196
1011.03,3,-2,-156
1011.03,8,-12,-179
1011.03,14,-4,-196
1011.03,3,13,-182
1011.03,0,10,-178
1011.03,2,-8,-199
1011.03,6,-11,-160
1011.08,7,-13,-157
1011.08,11,4,-160
1011.08,21,10,-203
1011.08,22,-3,-204
1011.08,2,-7,-172
1011.08,11,-12,-164
1011.08,14,-11,-195
1011.07,23,-8,-212
1011.07,15,4,-199
1011.07,-7,-1,-183
1011.07,5,-16,-194
1011.07,5,-25,-199
1011.07,14,-4,-175
1011.08,-6,-3,-183
1011.08,-1,16,-209
1011.08,6,7,-197
1011.08,16,-19,-182
1011.08,5,-14,-167
1011.08,22,3,-181
1011.08,11,8,-213
1011.07,9,-1,-182
1011.07,18,-6,-174
1011.07,7,11,-190
1011.07,14,-10,-186
1011.07,-12,-2,-178
1011.07,-5,9,-197
1011.07,0,11,-189
1011.07,-13,8,-185
1011.07,4,-11,-189
1011.07,25,-13,-186
1011.07,9,0,-198
1011.07,7,25,-193
1011.07,10,-2,-186
1011.07,7,0,-165
1011.07,3,-21,-175
1011.07,10,-17,-178
1011.07,12,-1,-199
1011.07,5,6,-193
1011.07,-3,17,-215
1011.07,-5,-13,-184
1011.07,2,-22,-164
1011.07,4,-1,-190
1011.07,19,0,-200
1011.07,15,1,-188
1011.07,6,-3,-186
1011.07,-17,-10,-171
1011.07,-7,-13,-179
1011.07,11,4,-176
1011.07,16,1,-156
1011.07,7,4,-174
1011.07,16,4,-176
1011.07,18,1,-165
1011.07,12,-17,-146
1011.00,11,8,-165
1011.00,-9,6,-150
1011.00,9,12,-133
1011.00,14,-12,-123
1011.00,16,-3,-152
1011.00,9,3,-126
1011.07,-6,-11,-122
1011.07,-11,4,-103
1011.07,14,12,-120
1011.07,18,-6,-106
1011.07,36,-15,-114
1011.07,-2,-12,-117
1011.07,14,13,-113
1011.07,17,12,-130
1011.07,15,-6,-100
1011.07,-7,-8,-95
1011.07,7,-20,-136
1011.07,20,10,-104
1011.07,3,17,-56
1011.00,-5,9,-79
1011.00,7,6,-81
1011.00,10,2,-94
1011.00,13,4,-108
1011.00,19,15,-109
1011.00,-2,8,-126
1011.00,-26,-5,-77
1011.07,-11,-39,-51
1011.07,9,-54,-61
1011.07,19,-7,-62
1011.07,17,-10,-95
1011.07,12,3,-71
1011.07,23,-9,-93
1011.07,29,40,-36
1011.07,10,50,-96
1011.07,-7,30,-79
1011.07,-7,3,-49
1011.07,1,5,-36
1011.07,3,-18,-21
1011.07,3,-7,-45
1011.07,2,-4,-52
1011.07,5,2,-34
1011.07,5,-10,-43
1011.07,13,6,-40
1011.07,-1,-15,-25
1011.07,-10,-1,-26
1011.07,5,-15,-47
1011.04,14,9,-32
1011.04,20,-3,-24
1011.04,6,-10,-45
1011.04,-11,-30,-71
1011.04,20,-28,-43
1011.04,22,-6,-70
1011.04,12,23,-55
1011.04,14,29,-42
1011.04,6,1,-26
1011.04,15,40,8
1011.04,-8,35,-36
1011.04,3,-2,-31
1011.04,-3,7,-40
1011.04,13,14,-38
1011.04,-4,7,-39
1011.04,-9,-9,-51
1011.04,0,-10,-24
1011.04,23,-25,-13
1011.04,34,-21,-27
1011.04,29,7,-22
1011.03,25,-1,-18
1011.03,14,-9,-11
1011.03,0,4,8
1011.03,0,10,-13
1011.03,6,2,-30
1011.03,15,0,2
1011.03,-1,11,18
1011.03,-8,13,-15
1011.03,-13,8,9
1011.03,7,18,-2
1011.03,-4,12,9
1011.03,-13,9,-3
1011.03,-11,-14,-1
1011.00,-3,15,-3
1011.00,20,8,-17
1011.00,23,4,-2
1011.00,34,10,-5
1011.00,23,-8,13
1011.00,-9,-14,-8
1011.00,5,-9,1
1011.00,0,0,9
1011.00,-1,8,1
1011.00,35,-12,-7
1011.00,18,-4,-12
1011.00,13,4,2
1011.00,-5,1,18
1011.00,-5,0,3
1011.00,-3,21,-2
1011.00,-2,18,-5
1011.00,-14,-7,7
1011.00,-13,8,9
1011.00,5,21,4
1011.00,7,8,-23
1010.94,21,-16,-23
1010.94,5,2,31
1010.94,-10,-7,-2
1010.94,8,-14,-12
1010.94,3,-3,1
1010.94,3,-22,-7
1010.99,8,-7,-7
1010.99,0,0,-4
1010.99,14,4,9
1010.99,25,6,-12
1010.99,7,23,4
1010.99,10,15,-3
1010.99,5,-14,1
1010.99,17,18,-2
1010.99,7,29,-6
1010.99,-5,-4,6
1010.99,9,7,17
1010.99,-12,-14,4
1010.99,-7,-11,6
1011.00,-2,-4,-2
1011.00,-7,-10,-8
1011.00,7,-8,0
1011.00,21,19,-6
1011.00,3,8,-1
1011.00,16,13,-7
1011.00,3,4,10
1011.00,14,1,-2
1011.00,10,-1,13
1011.00,5,-2,6
1011.00,12,7,-13
1011.00,-4,11,-10
1011.00,-2,7,-9
1011.00,0,19,16
1010.94,8,16,-19
1010.94,12,8,-8
1010.94,-3,-1,-6
1010.94,-3,-20,2
1010.94,-5,6,7
1010.94,-1,1,26
1011.03,8,-8,-10
1011.03,2,-8,2
1011.03,-4,0,2
1011.03,12,3,0
1011.03,10,0,7
1011.03,10,2,4
1011.03,3,14,7
1011.00,-2,0,9
1011.00,3,-1,4
1011.00,-10,7,-5
1011.00,2,-8,-2
1011.00,7,3,11
1011.00,-6,16,-5
1011.00,2,2,-26
1011.00,-5,25,12
1011.00,3,1,0
1011.00,-1,-6,-22
1011.00,-5,-8,-17
1011.00,-1,3,-2
1010.99,2,-1,-19
1010.99,-8,-8,4
1010.99,8,-1,-10
1010.99,16,-4,-15
1010.99,4,1,-2
1010.99,8,-5,-9
1010.99,-13,6,-21
1010.99,9,12,-3
1010.99,17,15,8
1010.99,18,0,-7
1010.99,10,-3,-3
1010.99,-3,15,3
1010.99,-10,11,-15
1010.99,-7,6,-2
1010.99,-4,16,11
1010.99,-8,-6,-11
1010.99,8,-11,-7
1010.99,13,-15,-4
1010.99,0,-8,3
1010.99,6,-11,4
1010.97,-16,7,4
1010.97,7,12,-3
1010.97,-9,5,10
1010.97,13,12,6
1010.97,12,-3,4
1010.97,11,0,13
1010.97,3,-6,4
1010.97,-1,-6,1
1010.97,-1,-4,-7
1010.97,-2,-5,12
1010.97,0,1,-3
1010.97,5,9,-2
1010.97,-1,19,14
1010.97,-7,-2,17
1010.99,-4,3,-7
1010.99,17,1,6
1010.99,6,8,4
1010.99,-2,5,-7
1010.99,-3,-5,4
1010.99,-3,-4,3
1010.99,17,-17,-8
1010.99,14,-7,-16
1010.99,0,5,-3
1010.99,8,-8,-20
1010.99,-3,14,22
1010.99,3,15,24
1010.99,10,0,12
1010.99,10,12,-15
1010.99,3,6,14
1010.99,0,-4,-10
1010.99,-8,14,-3
1010.99,-13,9,9
1010.99,6,-3,-8
1011.00,10,8,-10
1011.00,-6,15,9
1011.00,8,-9,-7
1011.00,9,-21,-3
1011.00,11,-15,-21
1011.00,8,-5,1
1011.00,2,-4,7
1011.00,11,13,12
1011.00,-5,2,-14
1011.00,1,3,-13
1011.00,-2,7,-11
1011.00,-2,15,6
1011.00,12,4,4
1011.00,8,-1,4
1011.00,6,-6,-2
1011.00,9,-10,4
1011.00,16,11,4
1011.00,-1,-13,18
1011.00,1,3,9
1011.00,-10,21,19
1010.99,18,5,-10
1010.99,22,-17,-14
1010.99,37,-27,-11
1010.99,24,-29,-18
1010.99,22,-24,-20
1010.99,7,3,-9
1010.99,-6,-1,9
1010.99,-19,14,1
1010.99,-14,40,1
1010.99,-12,35,0
1010.99,-11,19,-5
1010.99,-26,9,-17
1010.99,-22,18,18
1010.97,-11,6,6
1010.97,-14,-8,17
1010.97,-3,-14,-22
1010.97,-6,-27,-3
1010.97,15,-24,2
1010.97,32,-26,-1
1010.97,50,-23,-2
1010.94,34,6,23
1010.94,31,6,-26
1010.94,22,7,-16
1010.94,8,15,12
1010.94,-8,25,-9
1010.94,-12,7,1
1010.94,-19,11,4
1010.93,-14,15,-2
1010.93,-2,3,-20
1010.93,-4,11,11
1010.93,-9,6,-9
1010.93,-1,17,13
1010.93,9,14,12
1010.90,10,10,8
1010.90,2,-32,-18
1010.90,6,-57,-1
1010.90,1,-16,-7
1010.90,0,-6,3
1010.90,0,-6,-12
1010.90,26,8,-1
1010.90,23,4,-16
1010.90,24,25,3
1010.90,32,21,8
1010.90,10,14,-24
1010.90,0,0,7
1010.90,-3,2,11
1010.90,-4,-15,-1
1010.90,-22,12,2
1010.90,-10,12,-5
1010.90,-6,-4,-8
1010.90,-8,5,8
1010.90,3,14,6
1010.90,5,-5,7
1010.90,10,-8,-30
1010.90,18,-6,-2
1010.90,12,8,0
1010.90,24,4,8
1010.90,23,-1,20
1010.90,-3,10,6
1010.90,8,9,-3
1010.90,14,2,0
1010.90,8,5,18
1010.90,-10,4,0
1010.90,-21,-27,-20
1010.90,-28,-33,-12
1010.90,-28,-18,1
1010.90,-34,-7,32
1010.90,-15,6,26
1010.90,-8,3,-9
1010.90,10,15,-2
1010.90,21,15,-16
1010.90,38,25,-4
1010.90,26,31,19
1010.90,15,14,7
1010.90,9,4,-4
1010.90,-1,-9,9
1010.90,1,-24,-5
1010.90,0,-11,0
1010.90,0,-6,22
1010.90,0,-27,-15
1010.90,18,-30,-17
1010.90,18,-16,15
1010.90,14,-10,18
1010.90,-4,-19,4
1010.90,-1,-18,-9
1010.90,7,-3,-20
1010.93,4,19,-8
1010.93,2,15,-3
1010.93,-17,11,26
1010.93,19,7,1
1010.93,24,17,3
1010.93,14,33,32
1010.94,20,7,2
1010.94,15,-5,4
1010.94,16,0,0
1010.94,-9,-11,-15
1010.94,-6,-6,1
1010.94,2,1,-9
1010.94,-12,-19,12
1010.97,-10,-16,12
1010.97,-26,-26,6
1010.97,-3,-17,-6
1010.97,-1,2,4
1010.97,5,15,6
1010.97,-6,4,-4
1010.97,11,18,7
1011.00,14,21,25
1011.00,9,12,-10
1011.00,30,-11,-9
1011.00,30,4,-9
1011.00,10,2,8
1011.00,-6,4,-8
1011.00,-21,-25,-9
1011.00,-26,-15,-28
1011.00,10,-10,-13
1011.00,-13,-5,-11
1011.00,-1,-14,13
1011.00,22,-5,1
1011.00,19,-4,-6
1011.03,15,9,-8
1011.03,22,20,-10
1011.03,5,17,3
1011.03,17,15,1
1011.03,2,-4,1
1011.03,-9,-6,14
1010.97,-18,-2,4
1010.97,4,-13,-16
1010.97,8,-10,1
1010.97,-8,2,10
1010.97,4,11,3
1010.97,18,23,-5
1010.97,11,10,-16
1011.04,12,12,-10
1011.04,10,17,-4
1011.04,-8,-4,0
1011.04,-3,-5,16
1011.04,3,-16,4
1011.04,10,-3,-16
1011.04,11,-5,-15
1011.07,1,2,12
1011.07,3,-4,-5
1011.07,-1,-17,-1
1011.07,8,-7,0
1011.07,5,12,-4
1011.07,29,1,7
1011.07,11,-8,2
1011.07,13,-11,3
1011.07,-3,2,0
1011.07,1,-11,-9
1011.07,-5,-8,-9
1011.07,-4,15,0
1011.07,-3,25,1
1011.04,12,5,-8
1011.04,25,1,-5
1011.04,14,5,-11
1011.04,-1,-6,0
1011.04,3,2,32
1011.04,-2,10,9
1011.04,3,-13,-16
1011.04,21,3,-26
1011.04,-11,-4,-4
1011.04,13,7,23
1011.04,17,-12,-2
1011.04,-15,2,18
1011.04,8,22,-8
1011.04,8,3,-32
1011.04,20,-8,-3
1011.04,-1,14,48
1011.04,2,18,6
1011.04,6,17,-25
1011.04,12,-4,-12
1011.04,13,4,1
1011.04,-8,2,-6
1011.04,-10,1,18
1011.04,-17,3,2
1011.04,-10,28,-13
1011.04,10,15,-11
1011.04,11,5,-13
1011.04,19,-10,-13
1011.04,11,-26,-5
1011.04,3,-12,-6
1011.04,-4,-7,9
1011.04,4,-17,-1
1011.04,-13,-5,4
1011.04,2,1,18
1011.04,13,2,-2
1011.04,14,21,-1
1011.04,35,24,-7
1011.04,17,1,-25
1011.04,12,39,25
1011.04,-22,-9,0
1011.07,-16,-25,-16
1011.07,-31,12,-16
1011.07,-14,-11,6
1011.07,-2,-1,9
1011.07,7,-6,-16
1011.07,15,-10,13
1011.07,14,-9,0
1011.00,-3,-16,26